{
  "type": "FeatureCollection",
  "generator": "overpass-turbo",
  "copyright": "The data included in this document is from www.openstreetmap.org. The data is made available under ODbL.",
  "timestamp": "2025-01-01T18:59:03Z",
  "features": [
    {
      "type": "Feature",
      "properties": {
        "@id": "node/31086076",
        "alt_name": "Carrick on Shannon",
        "alt_name:en": "Carrick on Shannon",
        "name": "Carrick-on-Shannon",
        "name:br": "Cora Droma Rúisc",
        "name:en": "Carrick-on-Shannon",
        "name:ga": "Cora Droma Rúisc",
        "name:ru": "Каррик",
        "place": "town",
        "population": "4743",
        "population:date": "2022-04-03",
        "source:name:br": "wikidata",
        "source:population": "CSO 2022",
        "wikidata": "Q589390",
        "wikipedia": "en:Carrick-on-Shannon"
      },
      "geometry": {
        "type": "Point",
        "coordinates": [
          -8.0952772,
          53.9441461
        ]
      },
      "id": "node/31086076"
    },
    {
      "type": "Feature",
      "properties": {
        "@id": "node/52218198",
        "is_in": "County Mayo",
        "name": "Ballinrobe",
        "name:en": "Ballinrobe",
        "name:ga": "Baile an Róba",
        "name:ru": "Баллинраб",
        "note": "Experimental import of Irish places and POIs from GNS Dataset",
        "place": "town",
        "place_county": "Mayo",
        "population": "3148",
        "population:date": "2022-04-03",
        "source": "gns_ei",
        "source:population": "CSO 2022"
      },
      "geometry": {
        "type": "Point",
        "coordinates": [
          -9.2220833,
          53.6240883
        ]
      },
      "id": "node/52218198"
    },
    {
      "type": "Feature",
      "properties": {
        "@id": "node/52218286",
        "name": "An Clochán Liath",
        "name:en": "Dungloe",
        "name:ga": "An Clochán Liath",
        "name:ru": "Данглоу",
        "note": "Experimental import of Irish places and POIs from GNS Dataset",
        "place": "town",
        "place_county": "Donegal",
        "population": "1247",
        "population:date": "2022-04-03",
        "source": "gns_ei",
        "source:population": "CSO 2022",
        "wikidata": "Q1265808"
      },
      "geometry": {
        "type": "Point",
        "coordinates": [
          -8.3597405,
          54.9506706
        ]
      },
      "id": "node/52218286"
    },
    {
      "type": "Feature",
      "properties": {
        "@id": "node/52218309",
        "gns:ADM1": "31",
        "gns:CC1": "EI",
        "gns:DMS_LAT": "524735",
        "gns:DMS_LONG": "-60829",
        "gns:DSG": "PPL",
        "gns:FC": "P",
        "gns:JOG": "NN29-12",
        "gns:LAT": "52.793056",
        "gns:LONG": "-6.141389",
        "gns:MGRS": "29UPU9273753081",
        "gns:N:eng:FULL_NAME": "Arklow",
        "gns:N:eng:FULL_NAME_ND": "Arklow",
        "gns:N:eng:LC": "eng",
        "gns:N:eng:MODIFY_DATE": "2001-06-26",
        "gns:N:eng:NT": "N",
        "gns:N:eng:SORT_NAME": "ARKLOW",
        "gns:N:gle:FULL_NAME": "An tInbhear Mór",
        "gns:N:gle:FULL_NAME_ND": "An tInbhear Mor",
        "gns:N:gle:LC": "gle",
        "gns:N:gle:MODIFY_DATE": "2001-06-26",
        "gns:N:gle:NT": "N",
        "gns:N:gle:SORT_NAME": "ANTINBHEARMOR",
        "gns:PC": "4",
        "gns:POP": "8000",
        "gns:RC": "1",
        "gns:UFI": "-1500236",
        "gns:UNI": "-2141949",
        "is_in": "County Wicklow",
        "logainm:ref": "1416540",
        "logainm:url": "https://www.logainm.ie/1416540.aspx",
        "name": "Arklow",
        "name:en": "Arklow",
        "name:ga": "An tInbhear Mór",
        "name:ru": "Арклоу",
        "name:sr": "Арклоу",
        "note": "Experimental import of Irish places and POIs from GNS Dataset",
        "place": "town",
        "place_county": "Wicklow",
        "population": "13399",
        "population:date": "2022-04-03",
        "source": "gns_ei",
        "source:population": "CSO 2022",
        "wikidata": "Q673662",
        "wikipedia": "en:Arklow"
      },
      "geometry": {
        "type": "Point",
        "coordinates": [
          -6.1540035,
          52.798221
        ]
      },
      "id": "node/52218309"
    },
    {
      "type": "Feature",
      "properties": {
        "@id": "node/52218312",
        "name": "Béal an Mhuirthead",
        "name:br": "Béal an Mhuirthead",
        "name:en": "Belmullet",
        "name:ga": "Béal an Mhuirthead",
        "place": "town",
        "population": "1042",
        "population:date": "2022-04-03",
        "source:name:br": "wikidata",
        "source:population": "CSO 2022",
        "wikidata": "Q816116",
        "wikipedia": "en:Belmullet"
      },
      "geometry": {
        "type": "Point",
        "coordinates": [
          -9.9872173,
          54.22411
        ]
      },
      "id": "node/52218312"
    },
    {
      "type": "Feature",
      "properties": {
        "@id": "node/52218368",
        "is_in": "County Cork",
        "name": "Midleton",
        "name:en": "Midleton",
        "name:ga": "Mainister na Corann",
        "name:ru": "Мидлтон",
        "note": "Experimental import of Irish places and POIs from GNS Dataset",
        "place": "town",
        "place_county": "Cork",
        "population": "3000",
        "source": "gns_ei",
        "wikidata": "Q595619",
        "wikipedia": "en:Midleton"
      },
      "geometry": {
        "type": "Point",
        "coordinates": [
          -8.1700962,
          51.9142741
        ]
      },
      "id": "node/52218368"
    },
    {
      "type": "Feature",
      "properties": {
        "@id": "node/52218993",
        "is_in": "County Wexford",
        "name": "Ferns",
        "name:en": "Ferns",
        "name:ga": "Fearna",
        "name:ru": "Фернс",
        "note": "Experimental import of Irish places and POIs from GNS Dataset",
        "place": "town",
        "place_county": "Wexford",
        "population": "1317",
        "population:date": "2022-04-03",
        "source": "gns_ei",
        "source:population": "CSO 2022",
        "wikidata": "Q2096277",
        "wikipedia": "en:Ferns, County Wexford"
      },
      "geometry": {
        "type": "Point",
        "coordinates": [
          -6.4952889,
          52.5897916
        ]
      },
      "id": "node/52218993"
    },
    {
      "type": "Feature",
      "properties": {
        "@id": "node/52219003",
        "name": "Clane",
        "name:en": "Clane",
        "name:ga": "Claonadh",
        "note": "Experimental import of Irish places and POIs from GNS Dataset",
        "place": "town",
        "place_county": "Kildare",
        "population": "2500",
        "source": "gns_ei",
        "source:population": "http://www.clane.ie",
        "wikidata": "Q632020",
        "wikipedia": "en:Clane"
      },
      "geometry": {
        "type": "Point",
        "coordinates": [
          -6.6861147,
          53.2911753
        ]
      },
      "id": "node/52219003"
    },
    {
      "type": "Feature",
      "properties": {
        "@id": "node/52219009",
        "gns:ADM1": "03",
        "gns:CC1": "EI",
        "gns:DMS_LAT": "524214",
        "gns:DMS_LONG": "-85151",
        "gns:DSG": "PPL",
        "gns:FC": "P",
        "gns:JOG": "NN29-11",
        "gns:LAT": "52.703889",
        "gns:LONG": "-8.864167",
        "gns:MGRS": "29UNU0917839340",
        "gns:N:eng:FULL_NAME": "Shannon",
        "gns:N:eng:FULL_NAME_ND": "Shannon",
        "gns:N:eng:LC": "eng",
        "gns:N:eng:MODIFY_DATE": "1998-05-05",
        "gns:N:eng:NT": "N",
        "gns:N:eng:SORT_NAME": "SHANNON",
        "gns:N:gle:FULL_NAME": "Sionainn",
        "gns:N:gle:FULL_NAME_ND": "Sionainn",
        "gns:N:gle:LC": "gle",
        "gns:N:gle:MODIFY_DATE": "1998-05-05",
        "gns:N:gle:NT": "N",
        "gns:N:gle:SORT_NAME": "SIONAINN",
        "gns:RC": "1",
        "gns:UFI": "383585",
        "gns:UNI": "479184",
        "is_in": "County Clare",
        "name": "Shannon",
        "name:en": "Shannon",
        "name:ga": "Sionainn",
        "name:zh": "香農",
        "note": "Experimental import of Irish places and POIs from GNS Dataset",
        "place": "town",
        "place_county": "Clare",
        "population": "10256",
        "population:date": "2022-04-03",
        "source": "gns_ei",
        "source:population": "CSO 2022",
        "wikidata": "Q611919",
        "wikipedia": "en:Shannon, County Clare"
      },
      "geometry": {
        "type": "Point",
        "coordinates": [
          -8.8788366,
          52.7104544
        ]
      },
      "id": "node/52219009"
    },
    {
      "type": "Feature",
      "properties": {
        "@id": "node/52219010",
        "is_in": "County Laois",
        "name": "Stradbally",
        "name:en": "Stradbally",
        "name:ga": "An Sráidbhaile",
        "note": "Experimental import of Irish places and POIs from GNS Dataset",
        "place": "town",
        "place_county": "Laois",
        "population": "1404",
        "population:date": "2022-04-03",
        "source": "gns_ei",
        "source:population": "CSO 2022"
      },
      "geometry": {
        "type": "Point",
        "coordinates": [
          -7.1499661,
          53.0160548
        ]
      },
      "id": "node/52219010"
    },
    {
      "type": "Feature",
      "properties": {
        "@id": "node/52219012",
        "is_in": "County Kerry",
        "name": "Killorglin",
        "name:en": "Killorglin",
        "name:ga": "Cill Orglan",
        "name:ru": "Киллорглин",
        "note": "Experimental import of Irish places and POIs from GNS Dataset",
        "place": "town",
        "place_county": "Kerry",
        "population": "2163",
        "population:date": "2022-04-03",
        "source": "gns_ei",
        "source:population": "CSO 2022",
        "wikidata": "Q1669399"
      },
      "geometry": {
        "type": "Point",
        "coordinates": [
          -9.7867881,
          52.1061973
        ]
      },
      "id": "node/52219012"
    },
    {
      "type": "Feature",
      "properties": {
        "@id": "node/52219218",
        "gns:ADM1": "16",
        "gns:CC1": "EI",
        "gns:DMS_LAT": "522253",
        "gns:DMS_LONG": "-91809",
        "gns:DSG": "PPL",
        "gns:FC": "P",
        "gns:JOG": "NN29-11",
        "gns:LAT": "52.381389",
        "gns:LONG": "-9.3025",
        "gns:MGRS": "29UMU7941003502",
        "gns:N:eng:FULL_NAME": "Abbeyfeale",
        "gns:N:eng:FULL_NAME_ND": "Abbeyfeale",
        "gns:N:eng:LC": "eng",
        "gns:N:eng:MODIFY_DATE": "1998-05-05",
        "gns:N:eng:NT": "N",
        "gns:N:eng:SORT_NAME": "ABBEYFEALE",
        "gns:N:gle:FULL_NAME": "Mainistir na Féile",
        "gns:N:gle:FULL_NAME_ND": "Mainistir na Feile",
        "gns:N:gle:LC": "gle",
        "gns:N:gle:MODIFY_DATE": "1998-05-05",
        "gns:N:gle:NT": "N",
        "gns:N:gle:SORT_NAME": "MAINISTIRNAFEILE",
        "gns:RC": "1",
        "gns:UFI": "-1500023",
        "gns:UNI": "429090",
        "is_in": "County Limerick",
        "name": "Abbeyfeale",
        "name:en": "Abbeyfeale",
        "name:ga": "Mainistir na Féile",
        "name:ru": "Аббифил",
        "note": "Experimental import of Irish places and POIs from GNS Dataset",
        "place": "town",
        "place_county": "Limerick",
        "population": "2206",
        "population:date": "2022-04-03",
        "source": "gns_ei",
        "source:population": "CSO 2022",
        "wikidata": "Q306440"
      },
      "geometry": {
        "type": "Point",
        "coordinates": [
          -9.301549,
          52.3847629
        ]
      },
      "id": "node/52219218"
    },
    {
      "type": "Feature",
      "properties": {
        "@id": "node/52219278",
        "is_in": "County Wexford",
        "name": "Bunclody",
        "name:en": "Bunclody",
        "name:ga": "Bun Clóidi",
        "name:ru": "Банклоди",
        "note": "Experimental import of Irish places and POIs from GNS Dataset",
        "old_name": "Newtownbarry",
        "old_name:en": "Newtownbarry",
        "place": "town",
        "place_county": "Wexford",
        "population": "2053",
        "population:date": "2022-04-03",
        "source": "gns_ei",
        "source:population": "CSO 2022",
        "wikidata": "Q1004970",
        "wikipedia": "en:Bunclody"
      },
      "geometry": {
        "type": "Point",
        "coordinates": [
          -6.6520502,
          52.6551145
        ]
      },
      "id": "node/52219278"
    },
    {
      "type": "Feature",
      "properties": {
        "@id": "node/52219385",
        "is_in": "County Donegal",
        "name": "Ballybofey",
        "name:en": "Ballybofey",
        "name:ga": "Bealach Féich",
        "note": "Experimental import of Irish places and POIs from GNS Dataset",
        "place": "town",
        "place_county": "Donegal",
        "population": "5406",
        "population:date": "2022-04-03",
        "source": "gns_ei",
        "source:population": "CSO 2022",
        "wikidata": "Q805401",
        "wikipedia": "en:Ballybofey"
      },
      "geometry": {
        "type": "Point",
        "coordinates": [
          -7.7819496,
          54.7990639
        ]
      },
      "id": "node/52219385"
    },
    {
      "type": "Feature",
      "properties": {
        "@id": "node/52219423",
        "name": "Ballinamore",
        "name:en": "Ballinamore",
        "name:ga": "Béal an Átha Móir",
        "name:ru": "Баллинамор",
        "place": "town"
      },
      "geometry": {
        "type": "Point",
        "coordinates": [
          -7.8003268,
          54.0526883
        ]
      },
      "id": "node/52219423"
    },
    {
      "type": "Feature",
      "properties": {
        "@id": "node/52219455",
        "gns:ADM1": "06",
        "gns:CC1": "EI",
        "gns:DMS_LAT": "545700",
        "gns:DMS_LONG": "-74400",
        "gns:DSG": "PPL",
        "gns:FC": "P",
        "gns:JOG": "NN29-06",
        "gns:LAT": "54.95",
        "gns:LONG": "-7.733333",
        "gns:MGRS": "29UNA8112589962",
        "gns:N:eng:FULL_NAME": "Letterkenny",
        "gns:N:eng:FULL_NAME_ND": "Letterkenny",
        "gns:N:eng:LC": "eng",
        "gns:N:eng:MODIFY_DATE": "2001-06-26",
        "gns:N:eng:NT": "N",
        "gns:N:eng:SORT_NAME": "LETTERKENNY",
        "gns:N:gle:FULL_NAME": "Leitir Ceanainn",
        "gns:N:gle:FULL_NAME_ND": "Leitir Ceanainn",
        "gns:N:gle:LC": "gle",
        "gns:N:gle:MODIFY_DATE": "2001-06-26",
        "gns:N:gle:NT": "N",
        "gns:N:gle:SORT_NAME": "LEITIRCEANAINN",
        "gns:PC": "4",
        "gns:POP": "7200",
        "gns:RC": "1",
        "gns:UFI": "-1504171",
        "gns:UNI": "217692",
        "name": "Letterkenny",
        "name:en": "Letterkenny",
        "name:ga": "Leitir Ceanainn",
        "name:ru": "Леттеркенни",
        "note": "Experimental import of Irish places and POIs from GNS Dataset",
        "place": "town",
        "place_county": "Donegal",
        "population": "22549",
        "population:date": "2022-04-03",
        "source": "gns_ei",
        "source:population": "CSO 2022",
        "wikidata": "Q952497",
        "wikipedia": "en:Letterkenny"
      },
      "geometry": {
        "type": "Point",
        "coordinates": [
          -7.7354368,
          54.9517941
        ]
      },
      "id": "node/52219455"
    },
    {
      "type": "Feature",
      "properties": {
        "@id": "node/52219502",
        "gns:ADM1": "02",
        "gns:CC1": "EI",
        "gns:DMS_LAT": "535500",
        "gns:DMS_LONG": "-65800",
        "gns:DSG": "PPL",
        "gns:FC": "P",
        "gns:JOG": "NN29-09",
        "gns:LAT": "53.916667",
        "gns:LONG": "-6.966667",
        "gns:MGRS": "29UPV3354276165",
        "gns:N:eng:FULL_NAME": "Bailieborough",
        "gns:N:eng:FULL_NAME_ND": "Bailieborough",
        "gns:N:eng:LC": "eng",
        "gns:N:eng:MODIFY_DATE": "1998-02-13",
        "gns:N:eng:NT": "N",
        "gns:N:eng:SORT_NAME": "BAILIEBOROUGH",
        "gns:N:gle:FULL_NAME": "Coill an Chollaigh",
        "gns:N:gle:FULL_NAME_ND": "Coill an Chollaigh",
        "gns:N:gle:LC": "gle",
        "gns:N:gle:MODIFY_DATE": "1998-02-13",
        "gns:N:gle:NT": "N",
        "gns:N:gle:SORT_NAME": "COILLANCHOLLAIGH",
        "gns:RC": "1",
        "gns:UFI": "-1500323",
        "gns:UNI": "451350",
        "gns:V:xx:FULL_NAME": "Baileborough",
        "gns:V:xx:FULL_NAME_ND": "Baileborough",
        "gns:V:xx:MODIFY_DATE": "1998-02-13",
        "gns:V:xx:NT": "V",
        "gns:V:xx:SORT_NAME": "BAILEBOROUGH",
        "is_in": "County Cavan",
        "name": "Bailieborough",
        "name:en": "Bailieborough",
        "name:ga": "Coill an Chollaigh",
        "name:ru": "Бейлиборо",
        "note": "Experimental import of Irish places and POIs from GNS Dataset",
        "place": "town",
        "place_county": "Cavan",
        "population": "2974",
        "population:date": "2022-04-03",
        "source": "gns_ei",
        "source:population": "CSO 2022",
        "wikidata": "Q803843",
        "wikipedia": "en:Bailieborough"
      },
      "geometry": {
        "type": "Point",
        "coordinates": [
          -6.9707125,
          53.9168576
        ]
      },
      "id": "node/52219502"
    },
    {
      "type": "Feature",
      "properties": {
        "@id": "node/52219643",
        "gns:ADM1": "04",
        "gns:CC1": "EI",
        "gns:DMS_LAT": "521400",
        "gns:DMS_LONG": "-84000",
        "gns:DSG": "PPL",
        "gns:FC": "P",
        "gns:JOG": "NN29-11",
        "gns:LAT": "52.233333",
        "gns:LONG": "-8.666667",
        "gns:MGRS": "29UNT2276487043",
        "gns:N:eng:FULL_NAME": "Buttevant",
        "gns:N:eng:FULL_NAME_ND": "Buttevant",
        "gns:N:eng:LC": "eng",
        "gns:N:eng:MODIFY_DATE": "1997-10-03",
        "gns:N:eng:NT": "N",
        "gns:N:eng:SORT_NAME": "BUTTEVANT",
        "gns:N:gle:FULL_NAME": "Cill na Mallach",
        "gns:N:gle:FULL_NAME_ND": "Cill na Mallach",
        "gns:N:gle:LC": "gle",
        "gns:N:gle:MODIFY_DATE": "1997-10-03",
        "gns:N:gle:NT": "N",
        "gns:N:gle:SORT_NAME": "CILLNAMALLACH",
        "gns:RC": "1",
        "gns:UFI": "-1501239",
        "gns:UNI": "414055",
        "name": "Buttevant",
        "name:en": "Buttevant",
        "name:ga": "Cill na Mallach",
        "name:ru": "Баттевант",
        "note": "Experimental import of Irish places and POIs from GNS Dataset",
        "place": "town",
        "place_county": "Cork",
        "source": "gns_ei",
        "wikidata": "Q1002149",
        "wikipedia": "en:Buttevant"
      },
      "geometry": {
        "type": "Point",
        "coordinates": [
          -8.6704936,
          52.23317
        ]
      },
      "id": "node/52219643"
    },
    {
      "type": "Feature",
      "properties": {
        "@id": "node/52219743",
        "name": "Oldcastle",
        "name:en": "Oldcastle",
        "name:ga": "An Seanchaisleán",
        "name:ru": "Олдкасл",
        "place": "town",
        "wikidata": "Q269623"
      },
      "geometry": {
        "type": "Point",
        "coordinates": [
          -7.1625368,
          53.7692495
        ]
      },
      "id": "node/52219743"
    },
    {
      "type": "Feature",
      "properties": {
        "@id": "node/52219822",
        "gns:ADM1": "10",
        "gns:CC1": "EI",
        "gns:DMS_LAT": "530359",
        "gns:DMS_LONG": "-84900",
        "gns:DSG": "PPL",
        "gns:FC": "P",
        "gns:JOG": "NN29-08",
        "gns:LAT": "53.066389",
        "gns:LONG": "-8.816667",
        "gns:MGRS": "29UNU1228579672",
        "gns:N:eng:FULL_NAME": "Gort",
        "gns:N:eng:FULL_NAME_ND": "Gort",
        "gns:N:eng:LC": "eng",
        "gns:N:eng:MODIFY_DATE": "1998-06-12",
        "gns:N:eng:NT": "N",
        "gns:N:eng:SORT_NAME": "GORT",
        "gns:N:gle:FULL_NAME": "An Gort",
        "gns:N:gle:FULL_NAME_ND": "An Gort",
        "gns:N:gle:LC": "gle",
        "gns:N:gle:MODIFY_DATE": "1998-06-12",
        "gns:N:gle:NT": "N",
        "gns:N:gle:SORT_NAME": "ANGORT",
        "gns:RC": "1",
        "gns:UFI": "-1503172",
        "gns:UNI": "447812",
        "is_in": "County Galway",
        "name": "Gort",
        "name:en": "Gort",
        "name:ga": "Gort Inse Guaire",
        "name:ru": "Горт",
        "note": "Experimental import of Irish places and POIs from GNS Dataset",
        "place": "town",
        "place_county": "Galway",
        "population": "2870",
        "population:date": "2022-04-03",
        "source": "gns_ei",
        "source:population": "CSO 2022",
        "wikidata": "Q1538454",
        "wikipedia": "en:Gort"
      },
      "geometry": {
        "type": "Point",
        "coordinates": [
          -8.8195236,
          53.0669917
        ]
      },
      "id": "node/52219822"
    },
    {
      "type": "Feature",
      "properties": {
        "@id": "node/52220015",
        "gns:ADM1": "15",
        "gns:CC1": "EI",
        "gns:DMS_LAT": "525357",
        "gns:DMS_LONG": "-72127",
        "gns:DSG": "PPL",
        "gns:FC": "P",
        "gns:JOG": "NN29-12",
        "gns:LAT": "52.899167",
        "gns:LONG": "-7.3575",
        "gns:MGRS": "29UPU1048162317",
        "gns:N:eng:FULL_NAME": "Abbeyleix",
        "gns:N:eng:FULL_NAME_ND": "Abbeyleix",
        "gns:N:eng:LC": "eng",
        "gns:N:eng:MODIFY_DATE": "1998-03-23",
        "gns:N:eng:NT": "N",
        "gns:N:eng:SORT_NAME": "ABBEYLEIX",
        "gns:N:gle:FULL_NAME": "Mainistir Laoise",
        "gns:N:gle:FULL_NAME_ND": "Mainistir Laoise",
        "gns:N:gle:LC": "gle",
        "gns:N:gle:MODIFY_DATE": "1998-03-23",
        "gns:N:gle:NT": "N",
        "gns:N:gle:SORT_NAME": "MAINISTIRLAOISE",
        "gns:RC": "1",
        "gns:UFI": "-1500026",
        "gns:UNI": "447480",
        "is_in": "County Laois",
        "name": "Abbeyleix",
        "name:en": "Abbeyleix",
        "name:ga": "Mainistir Laoise",
        "name:ru": "Аббилейкс",
        "note": "Experimental import of Irish places and POIs from GNS Dataset",
        "place": "town",
        "place_county": "Laois",
        "population": "1897",
        "population:date": "2022-04-03",
        "source": "gns_ei",
        "source:population": "CSO 2022",
        "wikidata": "Q1650406"
      },
      "geometry": {
        "type": "Point",
        "coordinates": [
          -7.3482153,
          52.9144763
        ]
      },
      "id": "node/52220015"
    },
    {
      "type": "Feature",
      "properties": {
        "@id": "node/52220308",
        "gns:ADM1": "18",
        "gns:CC1": "EI",
        "gns:DMS_LAT": "533400",
        "gns:DMS_LONG": "-74600",
        "gns:DSG": "PPL",
        "gns:FC": "P",
        "gns:JOG": "NN29-09",
        "gns:LAT": "53.566667",
        "gns:LONG": "-7.766667",
        "gns:MGRS": "29UNV8168036018",
        "gns:N:eng:FULL_NAME": "Ballymahon",
        "gns:N:eng:FULL_NAME_ND": "Ballymahon",
        "gns:N:eng:LC": "eng",
        "gns:N:eng:MODIFY_DATE": "1998-02-13",
        "gns:N:eng:NT": "N",
        "gns:N:eng:SORT_NAME": "BALLYMAHON",
        "gns:N:gle:FULL_NAME": "Baile Uí Mhatháin",
        "gns:N:gle:FULL_NAME_ND": "Baile Ui Mhathain",
        "gns:N:gle:LC": "gle",
        "gns:N:gle:MODIFY_DATE": "1998-02-13",
        "gns:N:gle:NT": "N",
        "gns:N:gle:SORT_NAME": "BAILEUIMHATHAIN",
        "gns:RC": "1",
        "gns:UFI": "-1500604",
        "gns:UNI": "451726",
        "is_in": "County Longford",
        "name": "Ballymahon",
        "name:en": "Ballymahon",
        "name:ga": "Baile Uí Mhatháin",
        "note": "Experimental import of Irish places and POIs from GNS Dataset",
        "place": "town",
        "place_county": "Longford",
        "population": "2661",
        "source": "gns_ei"
      },
      "geometry": {
        "type": "Point",
        "coordinates": [
          -7.7617266,
          53.5617282
        ]
      },
      "id": "node/52220308"
    },
    {
      "type": "Feature",
      "properties": {
        "@id": "node/52220341",
        "gns:ADM1": "11",
        "gns:CC1": "EI",
        "gns:DMS_LAT": "521000",
        "gns:DMS_LONG": "-94200",
        "gns:DSG": "PPL",
        "gns:FC": "P",
        "gns:JOG": "NN29-11",
        "gns:LAT": "52.166667",
        "gns:LONG": "-9.7",
        "gns:MGRS": "29UMT5212479807",
        "gns:N:eng:FULL_NAME": "Castlemaine",
        "gns:N:eng:FULL_NAME_ND": "Castlemaine",
        "gns:N:eng:LC": "eng",
        "gns:N:eng:MODIFY_DATE": "1997-10-03",
        "gns:N:eng:NT": "N",
        "gns:N:eng:SORT_NAME": "CASTLEMAINE",
        "gns:N:gle:FULL_NAME": "Caisleán na Mainge",
        "gns:N:gle:FULL_NAME_ND": "Caislean na Mainge",
        "gns:N:gle:LC": "gle",
        "gns:N:gle:MODIFY_DATE": "1997-10-03",
        "gns:N:gle:NT": "N",
        "gns:N:gle:SORT_NAME": "CAISLEANNAMAINGE",
        "gns:RC": "1",
        "gns:UFI": "-1501531",
        "gns:UNI": "414006",
        "is_in": "County Kerry",
        "name": "Castlemaine",
        "name:en": "Castlemaine",
        "name:ga": "Caisleán na Mainge",
        "note": "Experimental import of Irish places and POIs from GNS Dataset",
        "place": "town",
        "place_county": "Kerry",
        "source": "gns_ei",
        "wikidata": "Q3775979",
        "wikipedia": "en:Castlemaine, County Kerry"
      },
      "geometry": {
        "type": "Point",
        "coordinates": [
          -9.7011826,
          52.1685671
        ]
      },
      "id": "node/52220341"
    },
    {
      "type": "Feature",
      "properties": {
        "@id": "node/52220544",
        "name": "Ballaghaderreen",
        "name:en": "Ballaghaderreen",
        "name:ga": "Bealach an Doirín",
        "name:ru": "Баллахадеррин",
        "note": "Experimental import of Irish places and POIs from GNS Dataset",
        "place": "town",
        "place_county": "Roscommon",
        "source": "gns_ei"
      },
      "geometry": {
        "type": "Point",
        "coordinates": [
          -8.5788648,
          53.9013669
        ]
      },
      "id": "node/52220544"
    },
    {
      "type": "Feature",
      "properties": {
        "@id": "node/52220609",
        "name": "Mullingar",
        "name:en": "Mullingar",
        "name:ga": "An Muileann gCearr",
        "name:gd": "Am Muileann Ceàrr",
        "name:gv": "Yn Mwyllin Kiarr",
        "name:lt": "Malingaras",
        "name:ru": "Маллингар",
        "note": "Experimental import of Irish places and POIs from GNS Dataset",
        "place": "town",
        "place_county": "Westmeath",
        "population": "22667",
        "population:date": "2022-04-03",
        "source": "gns_ei",
        "source:population": "CSO 2022",
        "wikidata": "Q55308",
        "wikipedia": "en:Mullingar"
      },
      "geometry": {
        "type": "Point",
        "coordinates": [
          -7.341304,
          53.525822
        ]
      },
      "id": "node/52220609"
    },
    {
      "type": "Feature",
      "properties": {
        "@id": "node/52222395",
        "gns:ADM1": "31",
        "gns:CC1": "EI",
        "gns:DMS_LAT": "525614",
        "gns:DMS_LONG": "-64233",
        "gns:DSG": "PPL",
        "gns:FC": "P",
        "gns:JOG": "NN29-12",
        "gns:LAT": "52.937222",
        "gns:LONG": "-6.709167",
        "gns:MGRS": "29UPU5395067743",
        "gns:N:eng:FULL_NAME": "Baltinglass",
        "gns:N:eng:FULL_NAME_ND": "Baltinglass",
        "gns:N:eng:LC": "eng",
        "gns:N:eng:MODIFY_DATE": "1999-02-24",
        "gns:N:eng:NT": "N",
        "gns:N:eng:SORT_NAME": "BALTINGLASS",
        "gns:N:gle:FULL_NAME": "Bealach Conglais",
        "gns:N:gle:FULL_NAME_ND": "Bealach Conglais",
        "gns:N:gle:LC": "gle",
        "gns:N:gle:MODIFY_DATE": "1999-02-24",
        "gns:N:gle:NT": "N",
        "gns:N:gle:SORT_NAME": "BEALACHCONGLAIS",
        "gns:RC": "1",
        "gns:UFI": "-1500744",
        "gns:UNI": "416911",
        "is_in": "County Wicklow",
        "name": "Baltinglass",
        "name:en": "Baltinglass",
        "name:ga": "Bealach Conglais",
        "name:ru": "Балтингласс",
        "note": "Experimental import of Irish places and POIs from GNS Dataset",
        "place": "town",
        "place_county": "Wicklow",
        "source": "gns_ei",
        "wikidata": "Q805765",
        "wikipedia": "en:Baltinglass"
      },
      "geometry": {
        "type": "Point",
        "coordinates": [
          -6.7083978,
          52.9401946
        ]
      },
      "id": "node/52222395"
    },
    {
      "type": "Feature",
      "properties": {
        "@id": "node/52222554",
        "gns:ADM1": "02",
        "gns:CC1": "EI",
        "gns:DMS_LAT": "535002",
        "gns:DMS_LONG": "-70432",
        "gns:DSG": "PPL",
        "gns:FC": "P",
        "gns:JOG": "NN29-09",
        "gns:LAT": "53.833889",
        "gns:LONG": "-7.075556",
        "gns:MGRS": "29UPV2664166758",
        "gns:N:eng:FULL_NAME": "Virginia",
        "gns:N:eng:FULL_NAME_ND": "Virginia",
        "gns:N:eng:LC": "eng",
        "gns:N:eng:MODIFY_DATE": "1999-03-22",
        "gns:N:eng:NT": "N",
        "gns:N:eng:SORT_NAME": "VIRGINIA",
        "gns:N:gle:FULL_NAME": "Achadh an Iúir",
        "gns:N:gle:FULL_NAME_ND": "Achadh an Iuir",
        "gns:N:gle:LC": "gle",
        "gns:N:gle:MODIFY_DATE": "1999-03-22",
        "gns:N:gle:NT": "N",
        "gns:N:gle:SORT_NAME": "ACHADHANIUIR",
        "gns:RC": "1",
        "gns:UFI": "-1506134",
        "gns:UNI": "451337",
        "is_in": "County Cavan",
        "name": "Virginia",
        "name:en": "Virginia",
        "name:ga": "Achadh an Iúir",
        "name:ru": "Верджиния",
        "name:ta": "வர்ஜீனியா",
        "note": "Experimental import of Irish places and POIs from GNS Dataset",
        "place": "town",
        "place_county": "Cavan",
        "source": "gns_ei",
        "wikidata": "Q255427",
        "wikipedia": "en:Virginia, County Cavan"
      },
      "geometry": {
        "type": "Point",
        "coordinates": [
          -7.0831588,
          53.8350708
        ]
      },
      "id": "node/52222554"
    },
    {
      "type": "Feature",
      "properties": {
        "@id": "node/52222587",
        "gns:ADM1": "23",
        "gns:CC1": "EI",
        "gns:DMS_LAT": "531626",
        "gns:DMS_LONG": "-72920",
        "gns:DSG": "PPLA",
        "gns:FC": "P",
        "gns:JOG": "NN29-09",
        "gns:LAT": "53.273889",
        "gns:LONG": "-7.488889",
        "gns:MGRS": "29UPV0076503804",
        "gns:N:eng:FULL_NAME": "Tullamore",
        "gns:N:eng:FULL_NAME_ND": "Tullamore",
        "gns:N:eng:LC": "eng",
        "gns:N:eng:MODIFY_DATE": "2001-06-26",
        "gns:N:eng:NT": "N",
        "gns:N:eng:SORT_NAME": "TULLAMORE",
        "gns:N:gle:FULL_NAME": "Tulach Mhór",
        "gns:N:gle:FULL_NAME_ND": "Tulach Mhor",
        "gns:N:gle:LC": "gle",
        "gns:N:gle:MODIFY_DATE": "2001-06-26",
        "gns:N:gle:NT": "N",
        "gns:N:gle:SORT_NAME": "TULACHMHOR",
        "gns:PC": "4",
        "gns:POP": "8600",
        "gns:RC": "1",
        "gns:UFI": "-1506052",
        "gns:UNI": "217404",
        "name": "Tullamore",
        "name:en": "Tullamore",
        "name:ga": "Tulach Mhór",
        "name:ru": "Талламор",
        "note": "Experimental import of Irish places and POIs from GNS Dataset",
        "place": "town",
        "place_county": "Offaly",
        "population": "8600",
        "source": "gns_ei",
        "wikidata": "Q321091",
        "wikipedia": "en:Tullamore"
      },
      "geometry": {
        "type": "Point",
        "coordinates": [
          -7.4927486,
          53.2743768
        ]
      },
      "id": "node/52222587"
    },
    {
      "type": "Feature",
      "properties": {
        "@id": "node/52222675",
        "name": "Durrow",
        "name:en": "Durrow",
        "name:ga": "Darú",
        "name:ru": "Дарроу",
        "place": "town",
        "place_county": "Laois",
        "website": "http://www.durrow.ie/",
        "wikidata": "Q1267497",
        "wikipedia": "en:Durrow, County Laois"
      },
      "geometry": {
        "type": "Point",
        "coordinates": [
          -7.3957085,
          52.8456582
        ]
      },
      "id": "node/52222675"
    },
    {
      "type": "Feature",
      "properties": {
        "@id": "node/52223090",
        "gns:ADM1": "15",
        "gns:CC1": "EI",
        "gns:DMS_LAT": "525956",
        "gns:DMS_LONG": "-72822",
        "gns:DSG": "PPL",
        "gns:FC": "P",
        "gns:JOG": "NN29-12",
        "gns:LAT": "52.998889",
        "gns:LONG": "-7.472778",
        "gns:MGRS": "29UPU0249273238",
        "gns:N:eng:FULL_NAME": "Mountrath",
        "gns:N:eng:FULL_NAME_ND": "Mountrath",
        "gns:N:eng:LC": "eng",
        "gns:N:eng:MODIFY_DATE": "1998-08-18",
        "gns:N:eng:NT": "N",
        "gns:N:eng:SORT_NAME": "MOUNTRATH",
        "gns:N:gle:FULL_NAME": "Maighean Rátha",
        "gns:N:gle:FULL_NAME_ND": "Maighean Ratha",
        "gns:N:gle:LC": "gle",
        "gns:N:gle:MODIFY_DATE": "1998-08-18",
        "gns:N:gle:NT": "N",
        "gns:N:gle:SORT_NAME": "MAIGHEANRATHA",
        "gns:RC": "1",
        "gns:UFI": "-1504669",
        "gns:UNI": "447494",
        "is_in": "County Laois",
        "name": "Mountrath",
        "name:en": "Mountrath",
        "name:ga": "Maighean Rátha",
        "name:ru": "Маунтрат",
        "note": "Experimental import of Irish places and POIs from GNS Dataset",
        "place": "town",
        "place_county": "Laois",
        "population": "2070",
        "population:date": "2022-04-03",
        "source": "gns_ei",
        "source:population": "CSO 2022"
      },
      "geometry": {
        "type": "Point",
        "coordinates": [
          -7.4742852,
          53.0012446
        ]
      },
      "id": "node/52223090"
    },
    {
      "type": "Feature",
      "properties": {
        "@id": "node/52223125",
        "gns:ADM1": "12",
        "gns:CC1": "EI",
        "gns:DMS_LAT": "525432",
        "gns:DMS_LONG": "-65032",
        "gns:DSG": "PPL",
        "gns:FC": "P",
        "gns:JOG": "NN29-12",
        "gns:LAT": "52.908889",
        "gns:LONG": "-6.842222",
        "gns:MGRS": "29UPU4510564315",
        "gns:N:eng:FULL_NAME": "Castledermot",
        "gns:N:eng:FULL_NAME_ND": "Castledermot",
        "gns:N:eng:LC": "eng",
        "gns:N:eng:MODIFY_DATE": "1999-02-24",
        "gns:N:eng:NT": "N",
        "gns:N:eng:SORT_NAME": "CASTLEDERMOT",
        "gns:N:gle:FULL_NAME": "Díseart Diarmada",
        "gns:N:gle:FULL_NAME_ND": "Diseart Diarmada",
        "gns:N:gle:LC": "gle",
        "gns:N:gle:MODIFY_DATE": "1999-02-24",
        "gns:N:gle:NT": "N",
        "gns:N:gle:SORT_NAME": "DISEARTDIARMADA",
        "gns:RC": "1",
        "gns:UFI": "-1501492",
        "gns:UNI": "416903",
        "is_in": "County Kildare",
        "name": "Castledermot",
        "name:en": "Castledermot",
        "name:ga": "Díseart Diarmada",
        "note": "Experimental import of Irish places and POIs from GNS Dataset",
        "place": "town",
        "place_county": "Kildare",
        "source": "gns_ei",
        "wikidata": "Q431523",
        "wikipedia": "en:Castledermot"
      },
      "geometry": {
        "type": "Point",
        "coordinates": [
          -6.8368376,
          52.9119491
        ]
      },
      "id": "node/52223125"
    },
    {
      "type": "Feature",
      "properties": {
        "@id": "node/52226113",
        "name": "Bundoran",
        "name:en": "Bundoran",
        "name:ga": "Bun Dobhráin",
        "name:ru": "Бандоран",
        "name:sr": "Бандоран",
        "note": "Experimental import of Irish places and POIs from GNS Dataset",
        "place": "town",
        "place_county": "Donegal",
        "population": "2599",
        "population:date": "2022-04-03",
        "source": "gns_ei",
        "source:population": "CSO 2022",
        "wikidata": "Q1009405"
      },
      "geometry": {
        "type": "Point",
        "coordinates": [
          -8.278252,
          54.4788836
        ]
      },
      "id": "node/52226113"
    },
    {
      "type": "Feature",
      "properties": {
        "@id": "node/52226138",
        "alt_name": "Ennistymon",
        "alt_name:en": "Ennistymon",
        "gns:ADM1": "03",
        "gns:CC1": "EI",
        "gns:DMS_LAT": "525641",
        "gns:DMS_LONG": "-91732",
        "gns:DSG": "PPL",
        "gns:FC": "P",
        "gns:JOG": "NN29-11",
        "gns:LAT": "52.944722",
        "gns:LONG": "-9.292222",
        "gns:MGRS": "29UMU8036466161",
        "gns:N:eng:FULL_NAME": "Ennistimon",
        "gns:N:eng:FULL_NAME_ND": "Ennistimon",
        "gns:N:eng:LC": "eng",
        "gns:N:eng:MODIFY_DATE": "1998-06-12",
        "gns:N:eng:NT": "N",
        "gns:N:eng:SORT_NAME": "ENNISTIMON",
        "gns:N:gle:FULL_NAME": "Inis Díomáin",
        "gns:N:gle:FULL_NAME_ND": "Inis Diomain",
        "gns:N:gle:LC": "gle",
        "gns:N:gle:MODIFY_DATE": "1998-06-12",
        "gns:N:gle:NT": "N",
        "gns:N:gle:SORT_NAME": "INISDIOMAIN",
        "gns:RC": "1",
        "gns:UFI": "-1502728",
        "gns:UNI": "447795",
        "gns:V:xx:FULL_NAME": "Ennistymon",
        "gns:V:xx:FULL_NAME_ND": "Ennistymon",
        "gns:V:xx:MODIFY_DATE": "1998-06-12",
        "gns:V:xx:NT": "V",
        "gns:V:xx:SORT_NAME": "ENNISTYMON",
        "is_in": "County Clare",
        "name": "Ennistymon",
        "name:en": "Ennistymon",
        "name:ga": "Inis Díomáin",
        "name:ru": "Эннистимон",
        "note": "Experimental import of Irish places and POIs from GNS Dataset",
        "place": "town",
        "place_county": "Clare",
        "source": "gns_ei",
        "wikidata": "Q979678",
        "wikipedia": "en:Ennistimon"
      },
      "geometry": {
        "type": "Point",
        "coordinates": [
          -9.2932061,
          52.9401873
        ]
      },
      "id": "node/52226138"
    },
    {
      "type": "Feature",
      "properties": {
        "@id": "node/52226147",
        "gns:ADM1": "14",
        "gns:CC1": "EI",
        "gns:DMS_LAT": "540300",
        "gns:DMS_LONG": "-80200",
        "gns:DSG": "PPL",
        "gns:FC": "P",
        "gns:JOG": "NN29-05",
        "gns:LAT": "54.05",
        "gns:LONG": "-8.033333",
        "gns:MGRS": "29UNV6328889517",
        "gns:N:eng:FULL_NAME": "Drumshanbo",
        "gns:N:eng:FULL_NAME_ND": "Drumshanbo",
        "gns:N:eng:LC": "eng",
        "gns:N:eng:MODIFY_DATE": "1998-02-13",
        "gns:N:eng:NT": "N",
        "gns:N:eng:SORT_NAME": "DRUMSHANBO",
        "gns:N:gle:FULL_NAME": "Droim Seanbhó",
        "gns:N:gle:FULL_NAME_ND": "Droim Seanbho",
        "gns:N:gle:LC": "gle",
        "gns:N:gle:MODIFY_DATE": "1998-02-13",
        "gns:N:gle:NT": "N",
        "gns:N:gle:SORT_NAME": "DROIMSEANBHO",
        "gns:RC": "1",
        "gns:UFI": "-1502544",
        "gns:UNI": "451919",
        "gns:V:xx:FULL_NAME": "Drumshambo",
        "gns:V:xx:FULL_NAME_ND": "Drumshambo",
        "gns:V:xx:MODIFY_DATE": "1998-02-13",
        "gns:V:xx:NT": "V",
        "gns:V:xx:SORT_NAME": "DRUMSHAMBO",
        "name": "Drumshanbo",
        "name:en": "Drumshanbo",
        "name:ga": "Droim Seanbhó",
        "name:ru": "Драмшанбо",
        "note": "Experimental import of Irish places and POIs from GNS Dataset",
        "place": "town",
        "place_county": "Leitrim",
        "source": "gns_ei",
        "wikidata": "Q1903333",
        "wikipedia": "en:Drumshanbo"
      },
      "geometry": {
        "type": "Point",
        "coordinates": [
          -8.0401507,
          54.0467406
        ]
      },
      "id": "node/52226147"
    },
    {
      "type": "Feature",
      "properties": {
        "@id": "node/52226168",
        "gns:ADM1": "03",
        "gns:CC1": "EI",
        "gns:DMS_LAT": "530158",
        "gns:DMS_LONG": "-91718",
        "gns:DSG": "PPL",
        "gns:FC": "P",
        "gns:JOG": "NN29-08",
        "gns:LAT": "53.032778",
        "gns:LONG": "-9.288333",
        "gns:MGRS": "29UMU8066575956",
        "gns:N:eng:FULL_NAME": "Lisdoonvarna",
        "gns:N:eng:FULL_NAME_ND": "Lisdoonvarna",
        "gns:N:eng:LC": "eng",
        "gns:N:eng:MODIFY_DATE": "1998-06-12",
        "gns:N:eng:NT": "N",
        "gns:N:eng:SORT_NAME": "LISDOONVARNA",
        "gns:N:gle:FULL_NAME": "Lios Dúin Bhearna",
        "gns:N:gle:FULL_NAME_ND": "Lios Duin Bhearna",
        "gns:N:gle:LC": "gle",
        "gns:N:gle:MODIFY_DATE": "1998-06-12",
        "gns:N:gle:NT": "N",
        "gns:N:gle:SORT_NAME": "LIOSDUINBHEARNA",
        "gns:RC": "1",
        "gns:UFI": "-1504213",
        "gns:UNI": "447810",
        "is_in": "County Clare",
        "name": "Lisdoonvarna",
        "name:en": "Lisdoonvarna",
        "name:ga": "Lios Dúin Bhearna",
        "note": "Experimental import of Irish places and POIs from GNS Dataset",
        "place": "town",
        "place_county": "Clare",
        "source": "gns_ei",
        "wikidata": "Q1005113",
        "wikipedia": "en:Lisdoonvarna"
      },
      "geometry": {
        "type": "Point",
        "coordinates": [
          -9.2895114,
          53.0294117
        ]
      },
      "id": "node/52226168"
    },
    {
      "type": "Feature",
      "properties": {
        "@id": "node/52226705",
        "gns:ADM1": "21",
        "gns:CC1": "EI",
        "gns:DMS_LAT": "534335",
        "gns:DMS_LONG": "-65245",
        "gns:DSG": "PPL",
        "gns:FC": "P",
        "gns:JOG": "NN29-09",
        "gns:LAT": "53.726389",
        "gns:LONG": "-6.879167",
        "gns:MGRS": "29UPV3992055168",
        "gns:N:eng:FULL_NAME": "Kells",
        "gns:N:eng:FULL_NAME_ND": "Kells",
        "gns:N:eng:LC": "eng",
        "gns:N:eng:MODIFY_DATE": "2001-06-26",
        "gns:N:eng:NT": "N",
        "gns:N:eng:SORT_NAME": "KELLS",
        "gns:N:gle:FULL_NAME": "Ceanannas",
        "gns:N:gle:FULL_NAME_ND": "Ceanannas",
        "gns:N:gle:LC": "gle",
        "gns:N:gle:MODIFY_DATE": "2001-06-26",
        "gns:N:gle:NT": "N",
        "gns:N:gle:SORT_NAME": "CEANANNAS",
        "gns:PC": "4",
        "gns:POP": "2200",
        "gns:RC": "1",
        "gns:UFI": "-1503602",
        "gns:UNI": "-2146198",
        "gns:V:xx:FULL_NAME": "Ceanannus Mór",
        "gns:V:xx:FULL_NAME_ND": "Ceanannus Mor",
        "gns:V:xx:MODIFY_DATE": "2001-06-26",
        "gns:V:xx:NT": "V",
        "gns:V:xx:SORT_NAME": "CEANANNUSMOR",
        "is_in": "County Meath",
        "name": "Kells",
        "name:en": "Kells",
        "name:ga": "Ceanannas",
        "name:la": "Cenannus",
        "name:sr": "Келс",
        "name:sr-Latn": "Kels",
        "note": "Experimental import of Irish places and POIs from GNS Dataset",
        "old_name": "Ceanannus Mór",
        "place": "town",
        "place_county": "Meath",
        "population": "6608",
        "population:date": "2022-04-03",
        "source": "gns_ei",
        "source:population": "CSO 2022",
        "wikidata": "Q917848"
      },
      "geometry": {
        "type": "Point",
        "coordinates": [
          -6.8761704,
          53.7274118
        ]
      },
      "id": "node/52226705"
    },
    {
      "type": "Feature",
      "properties": {
        "@id": "node/52227101",
        "gns:ADM1": "20",
        "gns:CC1": "EI",
        "gns:DMS_LAT": "540700",
        "gns:DMS_LONG": "-91000",
        "gns:DSG": "PPL",
        "gns:FC": "P",
        "gns:JOG": "NN29-05",
        "gns:LAT": "54.116667",
        "gns:LONG": "-9.166667",
        "gns:MGRS": "29UMV8910696515",
        "gns:N:eng:FULL_NAME": "Ballina",
        "gns:N:eng:FULL_NAME_ND": "Ballina",
        "gns:N:eng:LC": "eng",
        "gns:N:eng:MODIFY_DATE": "2001-06-26",
        "gns:N:eng:NT": "N",
        "gns:N:eng:SORT_NAME": "BALLINA",
        "gns:N:gle:FULL_NAME": "Béal An Átha",
        "gns:N:gle:FULL_NAME_ND": "Beal An Atha",
        "gns:N:gle:LC": "gle",
        "gns:N:gle:MODIFY_DATE": "2001-06-26",
        "gns:N:gle:NT": "N",
        "gns:N:gle:SORT_NAME": "BEALANATHA",
        "gns:PC": "4",
        "gns:POP": "6600",
        "gns:RC": "1",
        "gns:UFI": "-1500341",
        "gns:UNI": "-2142088",
        "name": "Ballina",
        "name:en": "Ballina",
        "name:ga": "Béal An Átha",
        "name:ru": "Баллина",
        "name:sr": "Балина",
        "note": "Experimental import of Irish places and POIs from GNS Dataset",
        "place": "town",
        "place_county": "Mayo",
        "population": "10556",
        "population:date": "2022-04-03",
        "source": "gns_ei",
        "source:population": "CSO 2022",
        "wikidata": "Q384721",
        "wikipedia": "en:Ballina, County Mayo"
      },
      "geometry": {
        "type": "Point",
        "coordinates": [
          -9.1532099,
          54.1143359
        ]
      },
      "id": "node/52227101"
    },
    {
      "type": "Feature",
      "properties": {
        "@id": "node/52229918",
        "name": "Donegal",
        "name:en": "Donegal",
        "name:ga": "Dún na nGall",
        "name:gd": "Dùn nan Gall",
        "name:gv": "Doon ny Ghoal",
        "name:mk": "Донегол",
        "name:ru": "Донегол",
        "note": "Experimental import of Irish places and POIs from GNS Dataset",
        "place": "town",
        "place_county": "Donegal",
        "population": "2749",
        "population:date": "2022-04-03",
        "source": "gns_ei",
        "source:population": "CSO 2022",
        "wikidata": "Q855330",
        "wikipedia": "en:Donegal (town)"
      },
      "geometry": {
        "type": "Point",
        "coordinates": [
          -8.1102616,
          54.6537924
        ]
      },
      "id": "node/52229918"
    },
    {
      "type": "Feature",
      "properties": {
        "@id": "node/52229985",
        "gns:ADM1": "12",
        "gns:CC1": "EI",
        "gns:DMS_LAT": "530826",
        "gns:DMS_LONG": "-70359",
        "gns:DSG": "PPL",
        "gns:FC": "P",
        "gns:JOG": "NN29-09",
        "gns:LAT": "53.140556",
        "gns:LONG": "-7.066389",
        "gns:MGRS": "29UPU2933789653",
        "gns:N:eng:FULL_NAME": "Monasterevin",
        "gns:N:eng:FULL_NAME_ND": "Monasterevin",
        "gns:N:eng:LC": "eng",
        "gns:N:eng:MODIFY_DATE": "1999-02-24",
        "gns:N:eng:NT": "N",
        "gns:N:eng:SORT_NAME": "MONASTEREVIN",
        "gns:N:gle:FULL_NAME": "Mainistir Eimhín",
        "gns:N:gle:FULL_NAME_ND": "Mainistir Eimhin",
        "gns:N:gle:LC": "gle",
        "gns:N:gle:MODIFY_DATE": "1999-02-24",
        "gns:N:gle:NT": "N",
        "gns:N:gle:SORT_NAME": "MAINISTIREIMHIN",
        "gns:RC": "1",
        "gns:UFI": "-1504578",
        "gns:UNI": "417333",
        "gns:V:xx:FULL_NAME": "Monasterevan",
        "gns:V:xx:FULL_NAME_ND": "Monasterevan",
        "gns:V:xx:MODIFY_DATE": "1999-02-24",
        "gns:V:xx:NT": "V",
        "gns:V:xx:SORT_NAME": "MONASTEREVAN",
        "is_in": "County Kildare",
        "name": "Monasterevin",
        "name:en": "Monasterevin",
        "name:ga": "Mainistir Eimhín",
        "note": "Experimental import of Irish places and POIs from GNS Dataset",
        "place": "town",
        "place_county": "Kildare",
        "population": "5307",
        "population:date": "2022-04-03",
        "source": "gns_ei",
        "source:population": "CSO 2022",
        "wikidata": "Q522012",
        "wikipedia": "en:Monasterevin"
      },
      "geometry": {
        "type": "Point",
        "coordinates": [
          -7.0634579,
          53.1426514
        ]
      },
      "id": "node/52229985"
    },
    {
      "type": "Feature",
      "properties": {
        "@id": "node/52230659",
        "alt_name:en": "Crossroads",
        "alt_name:ga": "Na Crois Bhealaí",
        "is_in": "County Donegal",
        "name": "An Fál Carrach",
        "name:en": "Falcarragh",
        "name:ga": "An Fál Carrach",
        "note": "Experimental import of Irish places and POIs from GNS Dataset",
        "place": "town",
        "place_county": "Donegal",
        "source": "gns_ei",
        "wikidata": "Q177525"
      },
      "geometry": {
        "type": "Point",
        "coordinates": [
          -8.104027,
          55.1363986
        ]
      },
      "id": "node/52230659"
    },
    {
      "type": "Feature",
      "properties": {
        "@id": "node/52231061",
        "gns:ADM1": "07",
        "gns:CC1": "EI",
        "gns:DMS_LAT": "533458",
        "gns:DMS_LONG": "-60630",
        "gns:DSG": "PPL",
        "gns:FC": "P",
        "gns:JOG": "NN29-09",
        "gns:LAT": "53.582778",
        "gns:LONG": "-6.108333",
        "gns:MGRS": "29UPV9141440991",
        "gns:N:eng:FULL_NAME": "Skerries",
        "gns:N:eng:FULL_NAME_ND": "Skerries",
        "gns:N:eng:LC": "eng",
        "gns:N:eng:MODIFY_DATE": "1999-03-22",
        "gns:N:eng:NT": "N",
        "gns:N:eng:SORT_NAME": "SKERRIES",
        "gns:N:gle:FULL_NAME": "Na Sceirí",
        "gns:N:gle:FULL_NAME_ND": "Na Sceiri",
        "gns:N:gle:LC": "gle",
        "gns:N:gle:MODIFY_DATE": "1999-03-22",
        "gns:N:gle:NT": "N",
        "gns:N:gle:SORT_NAME": "NASCEIRI",
        "gns:RC": "1",
        "gns:UFI": "-1505676",
        "gns:UNI": "450706",
        "is_in": "County Dublin",
        "is_in:country": "Ireland",
        "is_in:county": "Dublin",
        "name": "Skerries",
        "name:en": "Skerries",
        "name:ga": "Na Sceirí",
        "name:ru": "Скеррис",
        "note": "Experimental import of Irish places and POIs from GNS Dataset",
        "place": "town",
        "place_county": "Dublin",
        "population": "10743",
        "population:date": "2022-04-03",
        "source": "gns_ei",
        "source:population": "CSO 2022"
      },
      "geometry": {
        "type": "Point",
        "coordinates": [
          -6.1066867,
          53.5806379
        ]
      },
      "id": "node/52231061"
    },
    {
      "type": "Feature",
      "properties": {
        "@id": "node/52231094",
        "gns:ADM1": "26",
        "gns:CC1": "EI",
        "gns:DMS_LAT": "524741",
        "gns:DMS_LONG": "-75002",
        "gns:DSG": "PPL",
        "gns:FC": "P",
        "gns:JOG": "NN29-12",
        "gns:LAT": "52.794722",
        "gns:LONG": "-7.833889",
        "gns:MGRS": "29UNU7862750073",
        "gns:N:eng:FULL_NAME": "Templemore",
        "gns:N:eng:FULL_NAME_ND": "Templemore",
        "gns:N:eng:LC": "eng",
        "gns:N:eng:MODIFY_DATE": "2001-06-26",
        "gns:N:eng:NT": "N",
        "gns:N:eng:SORT_NAME": "TEMPLEMORE",
        "gns:N:gle:FULL_NAME": "An Teampall Mór",
        "gns:N:gle:FULL_NAME_ND": "An Teampall Mor",
        "gns:N:gle:LC": "gle",
        "gns:N:gle:MODIFY_DATE": "2001-06-26",
        "gns:N:gle:NT": "N",
        "gns:N:gle:SORT_NAME": "ANTEAMPALLMOR",
        "gns:PC": "4",
        "gns:POP": "2200",
        "gns:RC": "1",
        "gns:UFI": "-1505901",
        "gns:UNI": "217365",
        "is_in": "County Tipperary",
        "name": "Templemore",
        "name:en": "Templemore",
        "name:ga": "An Teampall Mór",
        "name:ru": "Темплмор",
        "note": "Experimental import of Irish places and POIs from GNS Dataset",
        "place": "town",
        "place_county": "Tipperary",
        "population": "1943",
        "source": "gns_ei",
        "wikidata": "Q1809467",
        "wikipedia": "en:Templemore"
      },
      "geometry": {
        "type": "Point",
        "coordinates": [
          -7.833889,
          52.794722
        ]
      },
      "id": "node/52231094"
    },
    {
      "type": "Feature",
      "properties": {
        "@id": "node/52231176",
        "gns:ADM1": "04",
        "gns:CC1": "EI",
        "gns:DMS_LAT": "515300",
        "gns:DMS_LONG": "-83500",
        "gns:DSG": "PPL",
        "gns:FC": "P",
        "gns:JOG": "NM29-03",
        "gns:LAT": "51.883333",
        "gns:LONG": "-8.583333",
        "gns:MGRS": "29UNT2867948144",
        "gns:N:eng:FULL_NAME": "Ballincollig",
        "gns:N:eng:FULL_NAME_ND": "Ballincollig",
        "gns:N:eng:LC": "eng",
        "gns:N:eng:MODIFY_DATE": "1997-10-03",
        "gns:N:eng:NT": "N",
        "gns:N:eng:SORT_NAME": "BALLINCOLLIG",
        "gns:N:gle:FULL_NAME": "Baile an Chollaigh",
        "gns:N:gle:FULL_NAME_ND": "Baile an Chollaigh",
        "gns:N:gle:LC": "gle",
        "gns:N:gle:MODIFY_DATE": "1997-10-03",
        "gns:N:gle:NT": "N",
        "gns:N:gle:SORT_NAME": "BAILEANCHOLLAIGH",
        "gns:RC": "1",
        "gns:UFI": "-1500370",
        "gns:UNI": "413318",
        "is_in": "County Cork",
        "name": "Ballincollig",
        "name:en": "Ballincollig",
        "name:ga": "Baile an Chollaigh",
        "note": "Experimental import of Irish places and POIs from GNS Dataset",
        "place": "town",
        "place_county": "Cork",
        "population": "20538",
        "source": "gns_ei",
        "wikidata": "Q2528844",
        "wikipedia": "en:Ballincollig"
      },
      "geometry": {
        "type": "Point",
        "coordinates": [
          -8.5894006,
          51.8883371
        ]
      },
      "id": "node/52231176"
    },
    {
      "type": "Feature",
      "properties": {
        "@id": "node/52231249",
        "gns:ADM1": "20",
        "gns:CC1": "EI",
        "gns:DMS_LAT": "535100",
        "gns:DMS_LONG": "-91800",
        "gns:DSG": "PPLA",
        "gns:FC": "P",
        "gns:JOG": "NN29-08",
        "gns:LAT": "53.85",
        "gns:LONG": "-9.3",
        "gns:MGRS": "29UMV8026566875",
        "gns:N:eng:FULL_NAME": "Castlebar",
        "gns:N:eng:FULL_NAME_ND": "Castlebar",
        "gns:N:eng:LC": "eng",
        "gns:N:eng:MODIFY_DATE": "2001-06-26",
        "gns:N:eng:NT": "N",
        "gns:N:eng:SORT_NAME": "CASTLEBAR",
        "gns:N:gle:FULL_NAME": "Caisleán an Bharraigh",
        "gns:N:gle:FULL_NAME_ND": "Caislean an Bharraigh",
        "gns:N:gle:LC": "gle",
        "gns:N:gle:MODIFY_DATE": "2001-06-26",
        "gns:N:gle:NT": "N",
        "gns:N:gle:SORT_NAME": "CAISLEANANBHARRAIGH",
        "gns:PC": "4",
        "gns:POP": "6100",
        "gns:RC": "1",
        "gns:UFI": "-1501470",
        "gns:UNI": "-2143536",
        "name": "Castlebar",
        "name:en": "Castlebar",
        "name:ga": "Caisleán an Bharraigh",
        "name:ru": "Каслбар",
        "note": "Experimental import of Irish places and POIs from GNS Dataset",
        "place": "town",
        "place_county": "Mayo",
        "population": "13054",
        "population:date": "2022-04-03",
        "source": "gns_ei",
        "source:population": "CSO 2022",
        "wikidata": "Q749196",
        "wikipedia": "en:Castlebar"
      },
      "geometry": {
        "type": "Point",
        "coordinates": [
          -9.297967,
          53.8568418
        ]
      },
      "id": "node/52231249"
    },
    {
      "type": "Feature",
      "properties": {
        "@id": "node/52231291",
        "name": "Knock",
        "name:en": "Knock",
        "name:ga": "Cnoc Mhuire",
        "place": "town",
        "source": "gns_ei",
        "wikidata": "Q858133"
      },
      "geometry": {
        "type": "Point",
        "coordinates": [
          -8.9193547,
          53.7947992
        ]
      },
      "id": "node/52231291"
    },
    {
      "type": "Feature",
      "properties": {
        "@id": "node/52231353",
        "is_in": "County Longford",
        "name": "Granard",
        "name:en": "Granard",
        "name:ga": "Gránard",
        "note": "Experimental import of Irish places and POIs from GNS Dataset",
        "place": "town",
        "place_county": "Longford",
        "source": "gns_ei",
        "wikidata": "Q946060",
        "wikipedia": "en:Granard"
      },
      "geometry": {
        "type": "Point",
        "coordinates": [
          -7.4910079,
          53.779362
        ]
      },
      "id": "node/52231353"
    },
    {
      "type": "Feature",
      "properties": {
        "@id": "node/52231383",
        "gns:ADM1": "12",
        "gns:CC1": "EI",
        "gns:DMS_LAT": "532306",
        "gns:DMS_LONG": "-63537",
        "gns:DSG": "PPL",
        "gns:FC": "P",
        "gns:JOG": "NN29-09",
        "gns:LAT": "53.385",
        "gns:LONG": "-6.593611",
        "gns:MGRS": "29UPV6004017798",
        "gns:N:eng:FULL_NAME": "Maynooth",
        "gns:N:eng:FULL_NAME_ND": "Maynooth",
        "gns:N:eng:LC": "eng",
        "gns:N:eng:MODIFY_DATE": "1999-02-24",
        "gns:N:eng:NT": "N",
        "gns:N:eng:SORT_NAME": "MAYNOOTH",
        "gns:N:gle:FULL_NAME": "Maigh Nuad",
        "gns:N:gle:FULL_NAME_ND": "Maigh Nuad",
        "gns:N:gle:LC": "gle",
        "gns:N:gle:MODIFY_DATE": "1999-02-24",
        "gns:N:gle:NT": "N",
        "gns:N:gle:SORT_NAME": "MAIGHNUAD",
        "gns:RC": "1",
        "gns:UFI": "-1504466",
        "gns:UNI": "417395",
        "is_in": "County Kildare",
        "is_in:country": "Ireland",
        "is_in:county": "Kildare",
        "name": "Maynooth",
        "name:en": "Maynooth",
        "name:ga": "Maigh Nuad",
        "name:ru": "Мейнут",
        "note": "Experimental import of Irish places and POIs from GNS Dataset",
        "place": "town",
        "place_county": "Kildare",
        "population": "17259",
        "population:date": "2022-04-03",
        "source": "gns_ei",
        "source:population": "CSO 2022",
        "wikidata": "Q750265",
        "wikipedia": "en:Maynooth"
      },
      "geometry": {
        "type": "Point",
        "coordinates": [
          -6.5922806,
          53.3830239
        ]
      },
      "id": "node/52231383"
    },
    {
      "type": "Feature",
      "properties": {
        "@id": "node/52231399",
        "alt_name": "Tubbercurry",
        "logainm:ref": "1416780",
        "logainm:url": "https://www.logainm.ie/1416780.aspx",
        "name": "Tobercurry",
        "name:en": "Tobercurry",
        "name:ga": "Tobar an Choire",
        "name:ru": "Тоберкарри",
        "place": "town",
        "wikidata": "Q2096512"
      },
      "geometry": {
        "type": "Point",
        "coordinates": [
          -8.730565,
          54.0539302
        ]
      },
      "id": "node/52231399"
    },
    {
      "type": "Feature",
      "properties": {
        "@id": "node/52231630",
        "is_in": "County Donegal",
        "is_in:country": "Ireland",
        "is_in:county": "Donegal",
        "name": "Raphoe",
        "name:en": "Raphoe",
        "name:ga": "Ráth Bhoth",
        "note": "Experimental import of Irish places and POIs from GNS Dataset",
        "place": "town",
        "place_county": "Donegal",
        "source": "gns_ei",
        "wikidata": "Q1025561",
        "wikipedia": "en:Raphoe"
      },
      "geometry": {
        "type": "Point",
        "coordinates": [
          -7.599543,
          54.8735295
        ]
      },
      "id": "node/52231630"
    },
    {
      "type": "Feature",
      "properties": {
        "@id": "node/52231793",
        "is_in": "County Kerry",
        "name": "Ballybunion",
        "name:en": "Ballybunion",
        "name:ga": "Baile an Bhuinneánaigh",
        "name:ru": "Баллибанион",
        "place": "town",
        "place_county": "Kerry",
        "population": "1618",
        "population:date": "2022-04-03",
        "source:population": "CSO 2022",
        "wikidata": "Q805394"
      },
      "geometry": {
        "type": "Point",
        "coordinates": [
          -9.6701424,
          52.5111587
        ]
      },
      "id": "node/52231793"
    },
    {
      "type": "Feature",
      "properties": {
        "@id": "node/52231847",
        "gns:ADM1": "12",
        "gns:CC1": "EI",
        "gns:DMS_LAT": "531456",
        "gns:DMS_LONG": "-63958",
        "gns:DSG": "PPL",
        "gns:FC": "P",
        "gns:JOG": "NN29-09",
        "gns:LAT": "53.248889",
        "gns:LONG": "-6.666111",
        "gns:MGRS": "29UPV5571402500",
        "gns:N:eng:FULL_NAME": "Sallins",
        "gns:N:eng:FULL_NAME_ND": "Sallins",
        "gns:N:eng:LC": "eng",
        "gns:N:eng:MODIFY_DATE": "1999-02-24",
        "gns:N:eng:NT": "N",
        "gns:N:eng:SORT_NAME": "SALLINS",
        "gns:N:gle:FULL_NAME": "Na Solláin",
        "gns:N:gle:FULL_NAME_ND": "Na Sollain",
        "gns:N:gle:LC": "gle",
        "gns:N:gle:MODIFY_DATE": "1999-02-24",
        "gns:N:gle:NT": "N",
        "gns:N:gle:SORT_NAME": "NASOLLAIN",
        "gns:RC": "1",
        "gns:UFI": "-1505530",
        "gns:UNI": "417358",
        "name": "Sallins",
        "name:en": "Sallins",
        "name:ga": "Na Solláin",
        "note": "Experimental import of Irish places and POIs from GNS Dataset",
        "place": "town",
        "place_county": "Kildare",
        "population": "6269",
        "population:date": "2022-04-03",
        "source": "gns_ei",
        "source:population": "CSO 2022",
        "wikidata": "Q2297381",
        "wikipedia": "en:Sallins"
      },
      "geometry": {
        "type": "Point",
        "coordinates": [
          -6.665686,
          53.249033
        ]
      },
      "id": "node/52231847"
    },
    {
      "type": "Feature",
      "properties": {
        "@id": "node/52233753",
        "gns:ADM1": "23",
        "gns:CC1": "EI",
        "gns:DMS_LAT": "531318",
        "gns:DMS_LONG": "-75303",
        "gns:DSG": "PPL",
        "gns:FC": "P",
        "gns:JOG": "NN29-09",
        "gns:LAT": "53.221667",
        "gns:LONG": "-7.884167",
        "gns:MGRS": "29UNU7449997511",
        "gns:N:eng:FULL_NAME": "Cloghan",
        "gns:N:eng:FULL_NAME_ND": "Cloghan",
        "gns:N:eng:LC": "eng",
        "gns:N:eng:MODIFY_DATE": "1998-08-18",
        "gns:N:eng:NT": "N",
        "gns:N:eng:SORT_NAME": "CLOGHAN",
        "gns:N:gle:FULL_NAME": "An Clochán",
        "gns:N:gle:FULL_NAME_ND": "An Clochan",
        "gns:N:gle:LC": "gle",
        "gns:N:gle:MODIFY_DATE": "1998-08-18",
        "gns:N:gle:NT": "N",
        "gns:N:gle:SORT_NAME": "ANCLOCHAN",
        "gns:RC": "1",
        "gns:UFI": "-1501690",
        "gns:UNI": "447535",
        "is_in": "County Offaly",
        "name": "Cloghan",
        "name:en": "Cloghan",
        "name:ga": "An Clochán",
        "note": "Experimental import of Irish places and POIs from GNS Dataset",
        "place": "town",
        "place_county": "Offaly",
        "source": "gns_ei"
      },
      "geometry": {
        "type": "Point",
        "coordinates": [
          -7.8825828,
          53.2248823
        ]
      },
      "id": "node/52233753"
    },
    {
      "type": "Feature",
      "properties": {
        "@id": "node/52233802",
        "name": "Belturbet",
        "name:en": "Belturbet",
        "name:ga": "Béal Tairbirt",
        "name:ru": "Белтербет",
        "name:sr": "Белтербет",
        "place": "town",
        "place_county": "Cavan",
        "source": "gns_ei",
        "wikidata": "Q252020"
      },
      "geometry": {
        "type": "Point",
        "coordinates": [
          -7.4440418,
          54.1007391
        ]
      },
      "id": "node/52233802"
    },
    {
      "type": "Feature",
      "properties": {
        "@id": "node/52234004",
        "gns:ADM1": "13",
        "gns:CC1": "EI",
        "gns:DMS_LAT": "523225",
        "gns:DMS_LONG": "-65717",
        "gns:DSG": "PPL",
        "gns:FC": "P",
        "gns:JOG": "NN29-12",
        "gns:LAT": "52.540278",
        "gns:LONG": "-6.954722",
        "gns:MGRS": "29UPU3870523098",
        "gns:N:eng:FULL_NAME": "Graiguenamanagh",
        "gns:N:eng:FULL_NAME_ND": "Graiguenamanagh",
        "gns:N:eng:LC": "eng",
        "gns:N:eng:MODIFY_DATE": "1998-02-09",
        "gns:N:eng:NT": "N",
        "gns:N:eng:SORT_NAME": "GRAIGUENAMANAGH",
        "gns:N:gle:FULL_NAME": "Gráig na Manach",
        "gns:N:gle:FULL_NAME_ND": "Graig na Manach",
        "gns:N:gle:LC": "gle",
        "gns:N:gle:MODIFY_DATE": "1998-02-09",
        "gns:N:gle:NT": "N",
        "gns:N:gle:SORT_NAME": "GRAIGNAMANACH",
        "gns:RC": "1",
        "gns:UFI": "-1503225",
        "gns:UNI": "-2145725",
        "gns:V:xx:FULL_NAME": "Graigue",
        "gns:V:xx:FULL_NAME_ND": "Graigue",
        "gns:V:xx:MODIFY_DATE": "1998-02-09",
        "gns:V:xx:NT": "V",
        "gns:V:xx:SORT_NAME": "GRAIGUE",
        "is_in": "County Kilkenny",
        "name": "Graiguenamanagh",
        "name:en": "Graiguenamanagh",
        "name:ga": "Gráig na Manach",
        "name:ru": "Грейгнамана",
        "note": "Experimental import of Irish places and POIs from GNS Dataset",
        "place": "town",
        "place_county": "Kilkenny",
        "population": "1506",
        "population:date": "2022-04-03",
        "source": "gns_ei",
        "source:population": "CSO 2022",
        "wikidata": "Q1114609",
        "wikipedia": "en:Graiguenamanagh"
      },
      "geometry": {
        "type": "Point",
        "coordinates": [
          -6.9553993,
          52.5406101
        ]
      },
      "id": "node/52234004"
    },
    {
      "type": "Feature",
      "properties": {
        "@id": "node/52240129",
        "gns:ADM1": "23",
        "gns:CC1": "EI",
        "gns:DMS_LAT": "532043",
        "gns:DMS_LONG": "-70259",
        "gns:DSG": "PPL",
        "gns:FC": "P",
        "gns:JOG": "NN29-09",
        "gns:LAT": "53.345278",
        "gns:LONG": "-7.049722",
        "gns:MGRS": "29UPV2983012454",
        "gns:N:eng:FULL_NAME": "Edenderry",
        "gns:N:eng:FULL_NAME_ND": "Edenderry",
        "gns:N:eng:LC": "eng",
        "gns:N:eng:MODIFY_DATE": "1999-02-24",
        "gns:N:eng:NT": "N",
        "gns:N:eng:SORT_NAME": "EDENDERRY",
        "gns:N:gle:FULL_NAME": "Éaden Doire",
        "gns:N:gle:FULL_NAME_ND": "Eaden Doire",
        "gns:N:gle:LC": "gle",
        "gns:N:gle:MODIFY_DATE": "1999-02-24",
        "gns:N:gle:NT": "N",
        "gns:N:gle:SORT_NAME": "EADENDOIRE",
        "gns:RC": "1",
        "gns:UFI": "-1502692",
        "gns:UNI": "417393",
        "is_in": "County Offaly",
        "name": "Edenderry",
        "name:en": "Edenderry",
        "name:ga": "Éadan Doire",
        "name:ru": "Идендерри",
        "note": "Experimental import of Irish places and POIs from GNS Dataset",
        "place": "town",
        "place_county": "Offaly",
        "population": "10490",
        "source": "gns_ei",
        "wikidata": "Q1016311"
      },
      "geometry": {
        "type": "Point",
        "coordinates": [
          -7.0488576,
          53.3433656
        ]
      },
      "id": "node/52240129"
    },
    {
      "type": "Feature",
      "properties": {
        "@id": "node/52240197",
        "is_in": "County Monaghan",
        "logainm:ref": "40866",
        "logainm:url": "https://www.logainm.ie/40866.aspx",
        "name": "Monaghan",
        "name:en": "Monaghan",
        "name:ga": "Muineachán",
        "name:mk": "Монахан",
        "name:ru": "Монахан",
        "note": "Experimental import of Irish places and POIs from GNS Dataset",
        "place": "town",
        "place_county": "Monaghan",
        "population": "7894",
        "population:2016": "7678",
        "population:date": "2022-04-03",
        "source": "gns_ei",
        "source:population": "CSO 2022",
        "wikidata": "Q373901",
        "wikipedia": "en:Monaghan"
      },
      "geometry": {
        "type": "Point",
        "coordinates": [
          -6.9688855,
          54.2485576
        ]
      },
      "id": "node/52240197"
    },
    {
      "type": "Feature",
      "properties": {
        "@id": "node/52240259",
        "gns:ADM1": "00",
        "gns:CC1": "EI",
        "gns:DMS_LAT": "532400",
        "gns:DMS_LONG": "-62800",
        "gns:DSG": "PPL",
        "gns:FC": "P",
        "gns:JOG": "NN29-09",
        "gns:LAT": "53.4",
        "gns:LONG": "-6.466667",
        "gns:MGRS": "29UPV6842219759",
        "gns:N:xx:FULL_NAME": "Dunboyne",
        "gns:N:xx:FULL_NAME_ND": "Dunboyne",
        "gns:N:xx:MODIFY_DATE": "1993-12-27",
        "gns:N:xx:NT": "N",
        "gns:N:xx:SORT_NAME": "DUNBOYNE",
        "gns:RC": "1",
        "gns:UFI": "-1502581",
        "gns:UNI": "-2144927",
        "is_in": "County Meath",
        "is_in:country": "Ireland",
        "is_in:county": "Meath",
        "name": "Dunboyne",
        "name:ga": "Dún Búinne",
        "note": "Experimental import of Irish places and POIs from GNS Dataset",
        "place": "town",
        "population": "7155",
        "population:date": "2022-04-03",
        "source": "gns_ei",
        "source:population": "CSO 2022",
        "wikidata": "Q1012505",
        "wikipedia": "en:Dunboyne"
      },
      "geometry": {
        "type": "Point",
        "coordinates": [
          -6.4760189,
          53.4194359
        ]
      },
      "id": "node/52240259"
    },
    {
      "type": "Feature",
      "properties": {
        "@id": "node/52240478",
        "gns:ADM1": "26",
        "gns:CC1": "EI",
        "gns:DMS_LAT": "523057",
        "gns:DMS_LONG": "-75308",
        "gns:DSG": "PPL",
        "gns:FC": "P",
        "gns:JOG": "NN29-12",
        "gns:LAT": "52.515833",
        "gns:LONG": "-7.885556",
        "gns:MGRS": "29UNU7562318997",
        "gns:N:eng:FULL_NAME": "Cashel",
        "gns:N:eng:FULL_NAME_ND": "Cashel",
        "gns:N:eng:LC": "eng",
        "gns:N:eng:MODIFY_DATE": "2001-06-26",
        "gns:N:eng:NT": "N",
        "gns:N:eng:SORT_NAME": "CASHEL",
        "gns:N:gle:FULL_NAME": "Caiseal",
        "gns:N:gle:FULL_NAME_ND": "Caiseal",
        "gns:N:gle:LC": "gle",
        "gns:N:gle:MODIFY_DATE": "2001-06-26",
        "gns:N:gle:NT": "N",
        "gns:N:gle:SORT_NAME": "CAISEAL",
        "gns:PC": "4",
        "gns:POP": "2500",
        "gns:RC": "1",
        "gns:UFI": "-1501460",
        "gns:UNI": "217348",
        "is_in": "County Tipperary",
        "name": "Cashel",
        "name:en": "Cashel",
        "name:ga": "Caiseal",
        "name:mk": "Кашел",
        "note": "Experimental import of Irish places and POIs from GNS Dataset",
        "place": "town",
        "place_county": "Tipperary",
        "population": "4805",
        "population:date": "2022-04-03",
        "source": "gns_ei",
        "source:population": "CSO 2022",
        "wikidata": "Q1002183",
        "wikipedia": "en:Cashel, County Tipperary"
      },
      "geometry": {
        "type": "Point",
        "coordinates": [
          -7.8879311,
          52.5167478
        ]
      },
      "id": "node/52240478"
    },
    {
      "type": "Feature",
      "properties": {
        "@id": "node/52240518",
        "gns:ADM1": "22",
        "gns:CC1": "EI",
        "gns:DMS_LAT": "541100",
        "gns:DMS_LONG": "-71400",
        "gns:DSG": "PPL",
        "gns:FC": "P",
        "gns:JOG": "NN29-06",
        "gns:LAT": "54.183333",
        "gns:LONG": "-7.233333",
        "gns:MGRS": "29UPA1528905361",
        "gns:N:eng:FULL_NAME": "Clones",
        "gns:N:eng:FULL_NAME_ND": "Clones",
        "gns:N:eng:LC": "eng",
        "gns:N:eng:MODIFY_DATE": "2001-06-26",
        "gns:N:eng:NT": "N",
        "gns:N:eng:SORT_NAME": "CLONES",
        "gns:N:gle:FULL_NAME": "Cluain Eois",
        "gns:N:gle:FULL_NAME_ND": "Cluain Eois",
        "gns:N:gle:LC": "gle",
        "gns:N:gle:MODIFY_DATE": "2001-06-26",
        "gns:N:gle:NT": "N",
        "gns:N:gle:SORT_NAME": "CLUAINEOIS",
        "gns:PC": "4",
        "gns:POP": "2100",
        "gns:RC": "1",
        "gns:UFI": "-1501759",
        "gns:UNI": "217682",
        "is_in": "County Monaghan",
        "logainm:ref": "1411635",
        "logainm:url": "https://www.logainm.ie/1411635.aspx",
        "name": "Clones",
        "name:en": "Clones",
        "name:en:pronunciation": "kloʊn-nɛs",
        "name:ga": "Cluain Eois",
        "name:ru": "Клонс",
        "note": "Experimental import of Irish places and POIs from GNS Dataset",
        "place": "town",
        "place_county": "Monaghan",
        "population": "1885",
        "population:2016": "1680",
        "population:date": "2022-04-03",
        "source": "gns_ei",
        "source:population": "CSO 2022",
        "wikidata": "Q1102275",
        "wikipedia": "en:Clones, County Monaghan"
      },
      "geometry": {
        "type": "Point",
        "coordinates": [
          -7.2320729,
          54.1792105
        ]
      },
      "id": "node/52240518"
    },
    {
      "type": "Feature",
      "properties": {
        "@id": "node/52241170",
        "name": "Buncrana",
        "name:en": "Buncrana",
        "name:ga": "Bun Cranncha",
        "name:ru": "Банкрана",
        "name:sr": "Банкрана",
        "note": "Experimental import of Irish places and POIs from GNS Dataset",
        "place": "town",
        "place_county": "Donegal",
        "population": "6971",
        "population:date": "2022-04-03",
        "source": "gns_ei",
        "source:population": "CSO 2022",
        "wikidata": "Q751475"
      },
      "geometry": {
        "type": "Point",
        "coordinates": [
          -7.453109,
          55.1353624
        ]
      },
      "id": "node/52241170"
    },
    {
      "type": "Feature",
      "properties": {
        "@id": "node/52241240",
        "alt_name": "Newmarket-on-Fergus",
        "alt_name:en": "Newmarket-on-Fergus",
        "gns:ADM1": "03",
        "gns:CC1": "EI",
        "gns:DMS_LAT": "524536",
        "gns:DMS_LONG": "-85344",
        "gns:DSG": "PPL",
        "gns:FC": "P",
        "gns:JOG": "NN29-11",
        "gns:LAT": "52.76",
        "gns:LONG": "-8.895556",
        "gns:MGRS": "29UNU0704845578",
        "gns:N:eng:FULL_NAME": "Newmarket on Fergus",
        "gns:N:eng:FULL_NAME_ND": "Newmarket on Fergus",
        "gns:N:eng:LC": "eng",
        "gns:N:eng:MODIFY_DATE": "1998-05-05",
        "gns:N:eng:NT": "N",
        "gns:N:eng:SORT_NAME": "NEWMARKETONFERGUS",
        "gns:N:gle:FULL_NAME": "Cora Chaitlín",
        "gns:N:gle:FULL_NAME_ND": "Cora Chaitlin",
        "gns:N:gle:LC": "gle",
        "gns:N:gle:MODIFY_DATE": "1998-05-05",
        "gns:N:gle:NT": "N",
        "gns:N:gle:SORT_NAME": "CORACHAITLIN",
        "gns:RC": "1",
        "gns:UFI": "-1504873",
        "gns:UNI": "429687",
        "is_in": "County Clare",
        "name": "Newmarket on Fergus",
        "name:en": "Newmarket on Fergus",
        "name:ga": "Cora Chaitlín",
        "note": "Experimental import of Irish places and POIs from GNS Dataset",
        "place": "town",
        "place_county": "Clare",
        "source": "gns_ei",
        "wikidata": "Q919990"
      },
      "geometry": {
        "type": "Point",
        "coordinates": [
          -8.8961465,
          52.7605895
        ]
      },
      "id": "node/52241240"
    },
    {
      "type": "Feature",
      "properties": {
        "@id": "node/52241334",
        "alt_name": "Castletown Berehaven",
        "name": "Castletownbere",
        "name:en": "Castletownbere",
        "name:ga": "Baile Chaisleáin Bhéarra",
        "place": "town",
        "wikidata": "Q2661507",
        "wikipedia": "en:Castletownbere"
      },
      "geometry": {
        "type": "Point",
        "coordinates": [
          -9.9104925,
          51.6514159
        ]
      },
      "id": "node/52241334"
    },
    {
      "type": "Feature",
      "properties": {
        "@id": "node/52241483",
        "gns:ADM1": "12",
        "gns:CC1": "EI",
        "gns:DMS_LAT": "530922",
        "gns:DMS_LONG": "-65452",
        "gns:DSG": "PPL",
        "gns:FC": "P",
        "gns:JOG": "NN29-09",
        "gns:LAT": "53.156111",
        "gns:LONG": "-6.914444",
        "gns:MGRS": "29UPU3944891668",
        "gns:N:eng:FULL_NAME": "Kildare",
        "gns:N:eng:FULL_NAME_ND": "Kildare",
        "gns:N:eng:LC": "eng",
        "gns:N:eng:MODIFY_DATE": "1999-02-24",
        "gns:N:eng:NT": "N",
        "gns:N:eng:SORT_NAME": "KILDARE",
        "gns:N:gle:FULL_NAME": "Cill Dara",
        "gns:N:gle:FULL_NAME_ND": "Cill Dara",
        "gns:N:gle:LC": "gle",
        "gns:N:gle:MODIFY_DATE": "1999-02-24",
        "gns:N:gle:NT": "N",
        "gns:N:gle:SORT_NAME": "CILLDARA",
        "gns:RC": "1",
        "gns:UFI": "-1503695",
        "gns:UNI": "-2146321",
        "is_in": "County Kildare",
        "name": "Kildare",
        "name:en": "Kildare",
        "name:ga": "Cill Dara",
        "name:ru": "Килдэр",
        "note": "Experimental import of Irish places and POIs from GNS Dataset",
        "place": "town",
        "place_county": "Kildare",
        "population": "10302",
        "population:date": "2022-04-03",
        "source": "gns_ei",
        "source:population": "CSO 2022",
        "wikidata": "Q917865",
        "wikipedia": "en:Kildare"
      },
      "geometry": {
        "type": "Point",
        "coordinates": [
          -6.9117199,
          53.1568465
        ]
      },
      "id": "node/52241483"
    },
    {
      "type": "Feature",
      "properties": {
        "@id": "node/52241685",
        "alt_name": "Mountbellew Bridge",
        "name": "Mountbellew",
        "name:en": "Mountbellew",
        "name:ga": "An Creagán",
        "old_name": "Creggaun",
        "place": "town",
        "population": "774",
        "population:date": "2022-04-03",
        "source:population": "CSO 2022",
        "wikidata": "Q3752988",
        "wikipedia": "en:Mountbellew"
      },
      "geometry": {
        "type": "Point",
        "coordinates": [
          -8.5019101,
          53.4695021
        ]
      },
      "id": "node/52241685"
    },
    {
      "type": "Feature",
      "properties": {
        "@id": "node/52241895",
        "gns:ADM1": "27",
        "gns:CC1": "EI",
        "gns:DMS_LAT": "520517",
        "gns:DMS_LONG": "-73731",
        "gns:DSG": "PPL",
        "gns:FC": "P",
        "gns:JOG": "NN29-12",
        "gns:LAT": "52.088056",
        "gns:LONG": "-7.625278",
        "gns:MGRS": "29UNT9418871724",
        "gns:N:eng:FULL_NAME": "Dungarvan",
        "gns:N:eng:FULL_NAME_ND": "Dungarvan",
        "gns:N:eng:LC": "eng",
        "gns:N:eng:MODIFY_DATE": "2001-06-26",
        "gns:N:eng:NT": "N",
        "gns:N:eng:SORT_NAME": "DUNGARVAN",
        "gns:N:gle:FULL_NAME": "Dún Garbhán",
        "gns:N:gle:FULL_NAME_ND": "Dun Garbhan",
        "gns:N:gle:LC": "gle",
        "gns:N:gle:MODIFY_DATE": "2001-06-26",
        "gns:N:gle:NT": "N",
        "gns:N:gle:SORT_NAME": "DUNGARBHAN",
        "gns:PC": "4",
        "gns:POP": "6900",
        "gns:RC": "1",
        "gns:UFI": "-1502600",
        "gns:UNI": "-2144955",
        "is_in": "County Waterford",
        "name": "Dungarvan",
        "name:br": "Dún Garbhán",
        "name:en": "Dungarvan",
        "name:ga": "Dún Garbhán",
        "name:ru": "Дангарван",
        "note": "Experimental import of Irish places and POIs from GNS Dataset",
        "place": "town",
        "place_county": "Waterford",
        "population": "10081",
        "population:date": "2022-04-03",
        "source": "gns_ei",
        "source:name:br": "proper translation",
        "source:population": "CSO 2022",
        "wikidata": "Q581790"
      },
      "geometry": {
        "type": "Point",
        "coordinates": [
          -7.6210306,
          52.0897488
        ]
      },
      "id": "node/52241895"
    },
    {
      "type": "Feature",
      "properties": {
        "@id": "node/52241941",
        "name": "Mohill",
        "name:en": "Mohill",
        "name:ga": "Maothail",
        "note": "Experimental import of Irish places and POIs from GNS Dataset",
        "place": "town",
        "source": "gns_ei",
        "wikidata": "Q1942879",
        "wikipedia": "en:Mohill"
      },
      "geometry": {
        "type": "Point",
        "coordinates": [
          -7.8653154,
          53.9217979
        ]
      },
      "id": "node/52241941"
    },
    {
      "type": "Feature",
      "properties": {
        "@id": "node/52241975",
        "gns:ADM1": "31",
        "gns:CC1": "EI",
        "gns:DMS_LAT": "531210",
        "gns:DMS_LONG": "-60554",
        "gns:DSG": "PPL",
        "gns:FC": "P",
        "gns:JOG": "NN29-09",
        "gns:LAT": "53.202778",
        "gns:LONG": "-6.098333",
        "gns:MGRS": "29UPU9379598759",
        "gns:N:eng:FULL_NAME": "Bray",
        "gns:N:eng:FULL_NAME_ND": "Bray",
        "gns:N:eng:LC": "eng",
        "gns:N:eng:MODIFY_DATE": "2001-06-26",
        "gns:N:eng:NT": "N",
        "gns:N:eng:SORT_NAME": "BRAY",
        "gns:N:gle:FULL_NAME": "Bré",
        "gns:N:gle:FULL_NAME_ND": "Bre",
        "gns:N:gle:LC": "gle",
        "gns:N:gle:MODIFY_DATE": "2001-06-26",
        "gns:N:gle:NT": "N",
        "gns:N:gle:SORT_NAME": "BRE",
        "gns:PC": "3",
        "gns:POP": "25100",
        "gns:RC": "1",
        "gns:UFI": "-1501102",
        "gns:UNI": "-2143101",
        "gns:V:xx:FULL_NAME": "Bri Chualann",
        "gns:V:xx:FULL_NAME_ND": "Bri Chualann",
        "gns:V:xx:MODIFY_DATE": "2001-06-26",
        "gns:V:xx:NT": "V",
        "gns:V:xx:SORT_NAME": "BRICHUALANN",
        "name": "Bray",
        "name:en": "Bray",
        "name:ga": "Bré",
        "name:ru": "Брей",
        "name:sr": "Бреј",
        "note": "Experimental import of Irish places and POIs from GNS Dataset",
        "place": "town",
        "place_county": "Wicklow",
        "population": "33512",
        "population:date": "2022-04-03",
        "source": "gns_ei",
        "source:population": "CSO 2022",
        "wikidata": "Q652000",
        "wikipedia": "en:Bray, County Wicklow"
      },
      "geometry": {
        "type": "Point",
        "coordinates": [
          -6.1105049,
          53.2014604
        ]
      },
      "id": "node/52241975"
    },
    {
      "type": "Feature",
      "properties": {
        "@id": "node/52242241",
        "gns:ADM1": "12",
        "gns:CC1": "EI",
        "gns:DMS_LAT": "532157",
        "gns:DMS_LONG": "-62944",
        "gns:DSG": "PPL",
        "gns:FC": "P",
        "gns:JOG": "NN29-09",
        "gns:LAT": "53.365833",
        "gns:LONG": "-6.495556",
        "gns:MGRS": "29UPV6663515891",
        "gns:N:eng:FULL_NAME": "Leixlip",
        "gns:N:eng:FULL_NAME_ND": "Leixlip",
        "gns:N:eng:LC": "eng",
        "gns:N:eng:MODIFY_DATE": "1999-02-24",
        "gns:N:eng:NT": "N",
        "gns:N:eng:SORT_NAME": "LEIXLIP",
        "gns:N:gle:FULL_NAME": "Léim an Bhradáin",
        "gns:N:gle:FULL_NAME_ND": "Leim an Bhradain",
        "gns:N:gle:LC": "gle",
        "gns:N:gle:MODIFY_DATE": "1999-02-24",
        "gns:N:gle:NT": "N",
        "gns:N:gle:SORT_NAME": "LEIMANBHRADAIN",
        "gns:RC": "1",
        "gns:UFI": "-1504157",
        "gns:UNI": "417400",
        "is_in:county": "Kildare",
        "logainm:ref": "1416490",
        "logainm:url": "https://www.logainm.ie/1416490.aspx",
        "name": "Leixlip",
        "name:en": "Leixlip",
        "name:ga": "Léim an Bhradáin",
        "name:ru": "Лейкслип",
        "note": "Experimental import of Irish places and POIs from GNS Dataset",
        "place": "town",
        "place_county": "Kildare",
        "population": "16733",
        "population:date": "2022-04-03",
        "source": "gns_ei",
        "source:population": "CSO 2022",
        "wikidata": "Q987797",
        "wikipedia": "en:Leixlip"
      },
      "geometry": {
        "type": "Point",
        "coordinates": [
          -6.4897438,
          53.3644766
        ]
      },
      "id": "node/52242241"
    },
    {
      "type": "Feature",
      "properties": {
        "@id": "node/52242301",
        "name": "Navan",
        "name:en": "Navan",
        "name:ga": "An Uaimh",
        "name:gd": "An Uaimh",
        "name:gv": "Yn Ooive",
        "name:ru": "Ан-Уавь",
        "place": "town",
        "population": "33886",
        "population:date": "2022-04-03",
        "source:population": "CSO 2022",
        "wikidata": "Q217845",
        "wikipedia": "en:Navan"
      },
      "geometry": {
        "type": "Point",
        "coordinates": [
          -6.6833615,
          53.651908
        ]
      },
      "id": "node/52242301"
    },
    {
      "type": "Feature",
      "properties": {
        "@id": "node/52242316",
        "gns:ADM1": "26",
        "gns:CC1": "EI",
        "gns:DMS_LAT": "522802",
        "gns:DMS_LONG": "-74128",
        "gns:DSG": "PPL",
        "gns:FC": "P",
        "gns:JOG": "NN29-12",
        "gns:LAT": "52.467222",
        "gns:LONG": "-7.691111",
        "gns:MGRS": "29UNU8891513811",
        "gns:N:eng:FULL_NAME": "Fethard",
        "gns:N:eng:FULL_NAME_ND": "Fethard",
        "gns:N:eng:LC": "eng",
        "gns:N:eng:MODIFY_DATE": "1998-03-23",
        "gns:N:eng:NT": "N",
        "gns:N:eng:SORT_NAME": "FETHARD",
        "gns:N:gle:FULL_NAME": "Fiodh Ard",
        "gns:N:gle:FULL_NAME_ND": "Fiodh Ard",
        "gns:N:gle:LC": "gle",
        "gns:N:gle:MODIFY_DATE": "1998-03-23",
        "gns:N:gle:NT": "N",
        "gns:N:gle:SORT_NAME": "FIODHARD",
        "gns:RC": "1",
        "gns:UFI": "-1502819",
        "gns:UNI": "430463",
        "is_in": "County Tipperary",
        "name": "Fethard",
        "name:en": "Fethard",
        "name:ga": "Fiodh Ard",
        "name:ru": "Фетард",
        "note": "Experimental import of Irish places and POIs from GNS Dataset",
        "place": "town",
        "place_county": "Tipperary",
        "population": "1738",
        "population:date": "2022-04-03",
        "source": "gns_ei",
        "source:population": "CSO 2022"
      },
      "geometry": {
        "type": "Point",
        "coordinates": [
          -7.691111,
          52.467222
        ]
      },
      "id": "node/52242316"
    },
    {
      "type": "Feature",
      "properties": {
        "@id": "node/52242420",
        "created_by": "Potlatch 0.4c",
        "gns:ADM1": "13",
        "gns:CC1": "EI",
        "gns:DMS_LAT": "524822",
        "gns:DMS_LONG": "-71238",
        "gns:DSG": "PPL",
        "gns:FC": "P",
        "gns:JOG": "NN29-12",
        "gns:LAT": "52.806111",
        "gns:LONG": "-7.210556",
        "gns:MGRS": "29UPU2062252203",
        "gns:N:eng:FULL_NAME": "Castlecomer",
        "gns:N:eng:FULL_NAME_ND": "Castlecomer",
        "gns:N:eng:LC": "eng",
        "gns:N:eng:MODIFY_DATE": "1998-02-09",
        "gns:N:eng:NT": "N",
        "gns:N:eng:SORT_NAME": "CASTLECOMER",
        "gns:N:gle:FULL_NAME": "Caisleán an Chomair",
        "gns:N:gle:FULL_NAME_ND": "Caislean an Chomair",
        "gns:N:gle:LC": "gle",
        "gns:N:gle:MODIFY_DATE": "1998-02-09",
        "gns:N:gle:NT": "N",
        "gns:N:gle:SORT_NAME": "CAISLEANANCHOMAIR",
        "gns:RC": "1",
        "gns:UFI": "-1501481",
        "gns:UNI": "432800",
        "is_in": "County Kilkenny",
        "name": "Castlecomer",
        "name:en": "Castlecomer",
        "name:ga": "Caisleán an Chomair",
        "note": "Experimental import of Irish places and POIs from GNS Dataset",
        "place": "town",
        "place_county": "Kilkenny",
        "source": "gns_ei"
      },
      "geometry": {
        "type": "Point",
        "coordinates": [
          -7.210579,
          52.8060939
        ]
      },
      "id": "node/52242420"
    },
    {
      "type": "Feature",
      "properties": {
        "@id": "node/52242435",
        "gns:ADM1": "12",
        "gns:CC1": "EI",
        "gns:DMS_LAT": "530749",
        "gns:DMS_LONG": "-64440",
        "gns:DSG": "PPL",
        "gns:FC": "P",
        "gns:JOG": "NN29-09",
        "gns:LAT": "53.130278",
        "gns:LONG": "-6.744444",
        "gns:MGRS": "29UPU5090489140",
        "gns:N:eng:FULL_NAME": "Kilcullen",
        "gns:N:eng:FULL_NAME_ND": "Kilcullen",
        "gns:N:eng:LC": "eng",
        "gns:N:eng:MODIFY_DATE": "1999-02-24",
        "gns:N:eng:NT": "N",
        "gns:N:eng:SORT_NAME": "KILCULLEN",
        "gns:N:gle:FULL_NAME": "Cill Chuillinn",
        "gns:N:gle:FULL_NAME_ND": "Cill Chuillinn",
        "gns:N:gle:LC": "gle",
        "gns:N:gle:MODIFY_DATE": "1999-02-24",
        "gns:N:gle:NT": "N",
        "gns:N:gle:SORT_NAME": "CILLCHUILLINN",
        "gns:RC": "1",
        "gns:UFI": "-1503687",
        "gns:UNI": "417329",
        "is_in": "County Kildare",
        "name": "Kilcullen",
        "name:en": "Kilcullen",
        "name:ga": "Cill Chuillinn",
        "note": "Experimental import of Irish places and POIs from GNS Dataset",
        "place": "town",
        "place_county": "Kildare",
        "population": "3815",
        "population:date": "2022-04-03",
        "source": "gns_ei",
        "source:population": "CSO 2022",
        "wikidata": "Q2669870"
      },
      "geometry": {
        "type": "Point",
        "coordinates": [
          -6.7456446,
          53.1305819
        ]
      },
      "id": "node/52242435"
    },
    {
      "type": "Feature",
      "properties": {
        "@id": "node/52242496",
        "name": "Oranmore",
        "name:en": "Oranmore",
        "name:ga": "Órán Mór",
        "place": "town",
        "place_county": "Galway",
        "population": "5819",
        "population:date": "2022-04-03",
        "source:population": "CSO 2022",
        "wikidata": "Q1026389"
      },
      "geometry": {
        "type": "Point",
        "coordinates": [
          -8.9284158,
          53.2683526
        ]
      },
      "id": "node/52242496"
    },
    {
      "type": "Feature",
      "properties": {
        "@id": "node/52242530",
        "is_in": "County Westmeath",
        "name": "Kilbeggan",
        "name:en": "Kilbeggan",
        "name:ga": "Cill Bheagáin",
        "note": "Experimental import of Irish places and POIs from GNS Dataset",
        "place": "town",
        "place_county": "Westmeath",
        "source": "gns_ei"
      },
      "geometry": {
        "type": "Point",
        "coordinates": [
          -7.4979792,
          53.3681414
        ]
      },
      "id": "node/52242530"
    },
    {
      "type": "Feature",
      "properties": {
        "@id": "node/52242647",
        "name": "Headford",
        "name:en": "Headford",
        "name:ga": "Áth Cinn",
        "name:ru": "Хэдфорд",
        "place": "town",
        "wikidata": "Q2015820"
      },
      "geometry": {
        "type": "Point",
        "coordinates": [
          -9.1070527,
          53.4693403
        ]
      },
      "id": "node/52242647"
    },
    {
      "type": "Feature",
      "properties": {
        "@id": "node/52242699",
        "is_in": "County Cork",
        "name": "Clonakilty",
        "name:en": "Clonakilty",
        "name:ga": "Cloich na Coillte",
        "name:ru": "Клонакилти",
        "note": "Experimental import of Irish places and POIs from GNS Dataset",
        "place": "town",
        "place_county": "Cork",
        "population": "5112",
        "population:date": "2022-04-03",
        "source": "gns_ei",
        "source:population": "CSO 2022",
        "wikidata": "Q996703"
      },
      "geometry": {
        "type": "Point",
        "coordinates": [
          -8.8870112,
          51.6229346
        ]
      },
      "id": "node/52242699"
    },
    {
      "type": "Feature",
      "properties": {
        "@id": "node/52243030",
        "is_in": "County Monaghan",
        "logainm:ref": "1167095",
        "logainm:url": "https://www.logainm.ie/1167095.aspx",
        "name": "Castleblayney",
        "name:en": "Castleblayney",
        "name:ga": "Baile na Lorgan",
        "name:ru": "Каслблейни",
        "note": "Experimental import of Irish places and POIs from GNS Dataset",
        "place": "town",
        "place_county": "Monaghan",
        "population": "3926",
        "population:2016": "3607",
        "population:date": "2022-04-03",
        "source": "gns_ei",
        "source:population": "CSO 2022",
        "wikidata": "Q2528834",
        "wikipedia": "en:Castleblayney"
      },
      "geometry": {
        "type": "Point",
        "coordinates": [
          -6.7389328,
          54.1201142
        ]
      },
      "id": "node/52243030"
    },
    {
      "type": "Feature",
      "properties": {
        "@id": "node/52243602",
        "gns:ADM1": "07",
        "gns:CC1": "EI",
        "gns:DMS_LAT": "532703",
        "gns:DMS_LONG": "-60916",
        "gns:DSG": "PPL",
        "gns:FC": "P",
        "gns:JOG": "NN29-09",
        "gns:LAT": "53.450833",
        "gns:LONG": "-6.154444",
        "gns:MGRS": "29UPV8894926195",
        "gns:N:eng:FULL_NAME": "Malahide",
        "gns:N:eng:FULL_NAME_ND": "Malahide",
        "gns:N:eng:LC": "eng",
        "gns:N:eng:MODIFY_DATE": "1999-03-22",
        "gns:N:eng:NT": "N",
        "gns:N:eng:SORT_NAME": "MALAHIDE",
        "gns:N:gle:FULL_NAME": "Mullach Íde",
        "gns:N:gle:FULL_NAME_ND": "Mullach Ide",
        "gns:N:gle:LC": "gle",
        "gns:N:gle:MODIFY_DATE": "1999-03-22",
        "gns:N:gle:NT": "N",
        "gns:N:gle:SORT_NAME": "MULLACHIDE",
        "gns:RC": "1",
        "gns:UFI": "-1504409",
        "gns:UNI": "450661",
        "is_in": "County Dublin",
        "is_in:country": "Ireland",
        "is_in:county": "Dublin",
        "name": "Malahide",
        "name:en": "Malahide",
        "name:ga": "Mullach Íde",
        "name:ru": "Малахайд",
        "note": "Experimental import of Irish places and POIs from GNS Dataset",
        "place": "town",
        "place_county": "Dublin",
        "population": "18608",
        "population:date": "2022-04-03",
        "source": "gns_ei",
        "source:population": "CSO 2022",
        "wikidata": "Q987748",
        "wikipedia": "en:Malahide"
      },
      "geometry": {
        "type": "Point",
        "coordinates": [
          -6.15367,
          53.4508401
        ]
      },
      "id": "node/52243602"
    },
    {
      "type": "Feature",
      "properties": {
        "@id": "node/52243608",
        "gns:ADM1": "04",
        "gns:CC1": "EI",
        "gns:DMS_LAT": "515146",
        "gns:DMS_LONG": "-80728",
        "gns:DSG": "PPL",
        "gns:FC": "P",
        "gns:JOG": "NM29-03",
        "gns:LAT": "51.862778",
        "gns:LONG": "-8.124444",
        "gns:MGRS": "29UNT6029046139",
        "gns:N:eng:FULL_NAME": "Cloyne",
        "gns:N:eng:FULL_NAME_ND": "Cloyne",
        "gns:N:eng:LC": "eng",
        "gns:N:eng:MODIFY_DATE": "1997-12-15",
        "gns:N:eng:NT": "N",
        "gns:N:eng:SORT_NAME": "CLOYNE",
        "gns:N:gle:FULL_NAME": "Cluain",
        "gns:N:gle:FULL_NAME_ND": "Cluain",
        "gns:N:gle:LC": "gle",
        "gns:N:gle:MODIFY_DATE": "1997-12-15",
        "gns:N:gle:NT": "N",
        "gns:N:gle:SORT_NAME": "CLUAIN",
        "gns:RC": "1",
        "gns:UFI": "-1501850",
        "gns:UNI": "415445",
        "is_in": "County Cork",
        "name": "Cloyne",
        "name:en": "Cloyne",
        "name:ga": "Cluain",
        "name:ru": "Клойн",
        "note": "Experimental import of Irish places and POIs from GNS Dataset",
        "place": "town",
        "place_county": "Cork",
        "population": "1967",
        "population:date": "2022-04-03",
        "source": "gns_ei",
        "source:population": "CSO 2022",
        "wikidata": "Q2571758"
      },
      "geometry": {
        "type": "Point",
        "coordinates": [
          -8.1208599,
          51.8632525
        ]
      },
      "id": "node/52243608"
    },
    {
      "type": "Feature",
      "properties": {
        "@id": "node/52243812",
        "gns:ADM1": "12",
        "gns:CC1": "EI",
        "gns:DMS_LAT": "532019",
        "gns:DMS_LONG": "-63237",
        "gns:DSG": "PPL",
        "gns:FC": "P",
        "gns:JOG": "NN29-09",
        "gns:LAT": "53.338611",
        "gns:LONG": "-6.543611",
        "gns:MGRS": "29UPV6354212752",
        "gns:N:eng:FULL_NAME": "Celbridge",
        "gns:N:eng:FULL_NAME_ND": "Celbridge",
        "gns:N:eng:LC": "eng",
        "gns:N:eng:MODIFY_DATE": "1999-02-24",
        "gns:N:eng:NT": "N",
        "gns:N:eng:SORT_NAME": "CELBRIDGE",
        "gns:N:gle:FULL_NAME": "Cill Droichid",
        "gns:N:gle:FULL_NAME_ND": "Cill Droichid",
        "gns:N:gle:LC": "gle",
        "gns:N:gle:MODIFY_DATE": "1999-02-24",
        "gns:N:gle:NT": "N",
        "gns:N:gle:SORT_NAME": "CILLDROICHID",
        "gns:RC": "1",
        "gns:UFI": "-1501595",
        "gns:UNI": "417394",
        "is_in": "County Kildare",
        "is_in:country": "Ireland",
        "is_in:county": "Kildare",
        "name": "Celbridge",
        "name:en": "Celbridge",
        "name:ga": "Cill Droichid",
        "note": "Experimental import of Irish places and POIs from GNS Dataset",
        "place": "town",
        "place_county": "Kildare",
        "population": "20601",
        "population:date": "2022-04-03",
        "source": "gns_ei",
        "source:population": "CSO 2022",
        "wikidata": "Q629881",
        "wikipedia": "en:Celbridge"
      },
      "geometry": {
        "type": "Point",
        "coordinates": [
          -6.5396223,
          53.3383004
        ]
      },
      "id": "node/52243812"
    },
    {
      "type": "Feature",
      "properties": {
        "@id": "node/52243982",
        "gns:ADM1": "31",
        "gns:CC1": "EI",
        "gns:DMS_LAT": "531012",
        "gns:DMS_LONG": "-63157",
        "gns:DSG": "PPL",
        "gns:FC": "P",
        "gns:JOG": "NN29-09",
        "gns:LAT": "53.17",
        "gns:LONG": "-6.5325",
        "gns:MGRS": "29UPU6492994025",
        "gns:N:eng:FULL_NAME": "Blessington",
        "gns:N:eng:FULL_NAME_ND": "Blessington",
        "gns:N:eng:LC": "eng",
        "gns:N:eng:MODIFY_DATE": "1999-02-24",
        "gns:N:eng:NT": "N",
        "gns:N:eng:SORT_NAME": "BLESSINGTON",
        "gns:N:gle:FULL_NAME": "Baile Coimín",
        "gns:N:gle:FULL_NAME_ND": "Baile Coimin",
        "gns:N:gle:LC": "gle",
        "gns:N:gle:MODIFY_DATE": "1999-02-24",
        "gns:N:gle:NT": "N",
        "gns:N:gle:SORT_NAME": "BAILECOIMIN",
        "gns:RC": "1",
        "gns:UFI": "-1501023",
        "gns:UNI": "417345",
        "is_in": "County Wicklow",
        "name": "Blessington",
        "name:en": "Blessington",
        "name:ga": "Baile Coimín",
        "name:ru": "Блессингтон",
        "note": "Experimental import of Irish places and POIs from GNS Dataset",
        "place": "town",
        "place_county": "Wicklow",
        "source": "gns_ei",
        "wikidata": "Q883912",
        "wikipedia": "en:Blessington"
      },
      "geometry": {
        "type": "Point",
        "coordinates": [
          -6.5330892,
          53.1726046
        ]
      },
      "id": "node/52243982"
    },
    {
      "type": "Feature",
      "properties": {
        "@id": "node/52244000",
        "name": "Westport",
        "name:en": "Westport",
        "name:ga": "Cathair na Mart",
        "name:ru": "Уэстпорт",
        "place": "town",
        "place_county": "Mayo",
        "population": "6872",
        "population:date": "2022-04-03",
        "source": "gns_ei",
        "source:population": "CSO 2022",
        "wikidata": "Q1017331",
        "wikipedia": "en:Westport, County Mayo"
      },
      "geometry": {
        "type": "Point",
        "coordinates": [
          -9.520218,
          53.8000645
        ]
      },
      "id": "node/52244000"
    },
    {
      "type": "Feature",
      "properties": {
        "@id": "node/52244002",
        "gns:ADM1": "10",
        "gns:CC1": "EI",
        "gns:DMS_LAT": "531747",
        "gns:DMS_LONG": "-84435",
        "gns:DSG": "PPL",
        "gns:FC": "P",
        "gns:JOG": "NN29-08",
        "gns:LAT": "53.296389",
        "gns:LONG": "-8.743056",
        "gns:MGRS": "29UNV1712505273",
        "gns:N:eng:FULL_NAME": "Athenry",
        "gns:N:eng:FULL_NAME_ND": "Athenry",
        "gns:N:eng:LC": "eng",
        "gns:N:eng:MODIFY_DATE": "1998-06-12",
        "gns:N:eng:NT": "N",
        "gns:N:eng:SORT_NAME": "ATHENRY",
        "gns:N:gle:FULL_NAME": "Baile Átha an Rí",
        "gns:N:gle:FULL_NAME_ND": "Baile Atha an Ri",
        "gns:N:gle:LC": "gle",
        "gns:N:gle:MODIFY_DATE": "1998-06-12",
        "gns:N:gle:NT": "N",
        "gns:N:gle:SORT_NAME": "BAILEATHAANRI",
        "gns:RC": "1",
        "gns:UFI": "-1500276",
        "gns:UNI": "447869",
        "name": "Athenry",
        "name:en": "Athenry",
        "name:ga": "Baile Átha an Rí",
        "name:ru": "Атенрай",
        "note": "Experimental import of Irish places and POIs from GNS Dataset",
        "place": "town",
        "place_county": "Galway",
        "source": "gns_ei",
        "wikidata": "Q755389",
        "wikipedia": "en:Athenry"
      },
      "geometry": {
        "type": "Point",
        "coordinates": [
          -8.7468297,
          53.2991901
        ]
      },
      "id": "node/52244002"
    },
    {
      "type": "Feature",
      "properties": {
        "@id": "node/52244020",
        "gns:ADM1": "26",
        "gns:CC1": "EI",
        "gns:DMS_LAT": "524055",
        "gns:DMS_LONG": "-74808",
        "gns:DSG": "PPL",
        "gns:FC": "P",
        "gns:JOG": "NN29-12",
        "gns:LAT": "52.681944",
        "gns:LONG": "-7.802222",
        "gns:MGRS": "29UNU8097137564",
        "gns:N:eng:FULL_NAME": "Thurles",
        "gns:N:eng:FULL_NAME_ND": "Thurles",
        "gns:N:eng:LC": "eng",
        "gns:N:eng:MODIFY_DATE": "2001-06-26",
        "gns:N:eng:NT": "N",
        "gns:N:eng:SORT_NAME": "THURLES",
        "gns:N:gle:FULL_NAME": "Durlas",
        "gns:N:gle:FULL_NAME_ND": "Durlas",
        "gns:N:gle:LC": "gle",
        "gns:N:gle:MODIFY_DATE": "2001-06-26",
        "gns:N:gle:NT": "N",
        "gns:N:gle:SORT_NAME": "DURLAS",
        "gns:PC": "4",
        "gns:POP": "6700",
        "gns:RC": "1",
        "gns:UFI": "-1505924",
        "gns:UNI": "217354",
        "is_in": "County Tipperary",
        "name": "Thurles",
        "name:en": "Thurles",
        "name:ga": "Durlas",
        "name:ru": "Терлес",
        "note": "Experimental import of Irish places and POIs from GNS Dataset",
        "place": "town",
        "place_county": "Tipperary",
        "population": "8185",
        "population:date": "2022-04-03",
        "source": "gns_ei",
        "source:population": "CSO 2022",
        "wikidata": "Q383188",
        "wikipedia": "en:Thurles"
      },
      "geometry": {
        "type": "Point",
        "coordinates": [
          -7.8151008,
          52.6801547
        ]
      },
      "id": "node/52244020"
    },
    {
      "type": "Feature",
      "properties": {
        "@id": "node/52244119",
        "name": "Manorhamilton",
        "name:en": "Manorhamilton",
        "name:ga": "Cluainín",
        "name:ru": "Манорхамилтон",
        "note": "Experimental import of Irish places and POIs from GNS Dataset",
        "place": "town",
        "place_county": "Leitrim",
        "source": "gns_ei"
      },
      "geometry": {
        "type": "Point",
        "coordinates": [
          -8.1754431,
          54.3040414
        ]
      },
      "id": "node/52244119"
    },
    {
      "type": "Feature",
      "properties": {
        "@id": "node/52244655",
        "is_in": "County Meath",
        "name": "Athboy",
        "name:en": "Athboy",
        "name:ga": "Baile Átha Buí",
        "name:ru": "Атбой",
        "note": "Experimental import of Irish places and POIs from GNS Dataset",
        "place": "town",
        "place_county": "Meath",
        "source": "gns_ei",
        "wikidata": "Q754964",
        "wikipedia": "en:Athboy"
      },
      "geometry": {
        "type": "Point",
        "coordinates": [
          -6.9185291,
          53.6227768
        ]
      },
      "id": "node/52244655"
    },
    {
      "type": "Feature",
      "properties": {
        "@id": "node/52244753",
        "alt_name": "Caher",
        "name": "Cahir",
        "name:en": "Cahir",
        "name:ga": "An Chathair",
        "name:ru": "Кэр",
        "note": "Experimental import of Irish places and POIs from GNS Dataset",
        "place": "town",
        "place_county": "Tipperary",
        "population": "3679",
        "population:date": "2022-04-03",
        "source": "gns_ei",
        "source:population": "CSO 2022",
        "wikidata": "Q516951",
        "wikipedia": "en:Cahir"
      },
      "geometry": {
        "type": "Point",
        "coordinates": [
          -7.92424,
          52.3749915
        ]
      },
      "id": "node/52244753"
    },
    {
      "type": "Feature",
      "properties": {
        "@id": "node/52244761",
        "name": "Milford",
        "name:en": "Milford",
        "name:ga": "Baile na nGallóglach",
        "place": "town",
        "place_county": "Donegal",
        "wikidata": "Q1025577",
        "wikipedia": "en:Milford, County Donegal"
      },
      "geometry": {
        "type": "Point",
        "coordinates": [
          -7.6989323,
          55.0879227
        ]
      },
      "id": "node/52244761"
    },
    {
      "type": "Feature",
      "properties": {
        "@id": "node/52245055",
        "is_in": "County Wexford",
        "name": "Wexford",
        "name:cy": "Loch Garman",
        "name:en": "Wexford",
        "name:ga": "Loch Garman",
        "name:ru": "Уэксфорд",
        "place": "town",
        "place_county": "Wexford",
        "population": "163919",
        "population:date": "2022-04-03",
        "source:population": "CSO 2022",
        "wikidata": "Q209126",
        "wikipedia": "en:Wexford"
      },
      "geometry": {
        "type": "Point",
        "coordinates": [
          -6.4601397,
          52.3367671
        ]
      },
      "id": "node/52245055"
    },
    {
      "type": "Feature",
      "properties": {
        "@id": "node/52245274",
        "name": "Crossmolina",
        "name:en": "Crossmolina",
        "name:ga": "Crois Mhaoilíona",
        "place": "town"
      },
      "geometry": {
        "type": "Point",
        "coordinates": [
          -9.316667,
          54.1
        ]
      },
      "id": "node/52245274"
    },
    {
      "type": "Feature",
      "properties": {
        "@id": "node/52245510",
        "gns:ADM1": "31",
        "gns:CC1": "EI",
        "gns:DMS_LAT": "525535",
        "gns:DMS_LONG": "-61408",
        "gns:DSG": "PPL",
        "gns:FC": "P",
        "gns:JOG": "NN29-12",
        "gns:LAT": "52.926389",
        "gns:LONG": "-6.235556",
        "gns:MGRS": "29UPU8581967660",
        "gns:N:eng:FULL_NAME": "Rathdrum",
        "gns:N:eng:FULL_NAME_ND": "Rathdrum",
        "gns:N:eng:LC": "eng",
        "gns:N:eng:MODIFY_DATE": "1999-02-24",
        "gns:N:eng:NT": "N",
        "gns:N:eng:SORT_NAME": "RATHDRUM",
        "gns:N:gle:FULL_NAME": "Ráth Droma",
        "gns:N:gle:FULL_NAME_ND": "Rath Droma",
        "gns:N:gle:LC": "gle",
        "gns:N:gle:MODIFY_DATE": "1999-02-24",
        "gns:N:gle:NT": "N",
        "gns:N:gle:SORT_NAME": "RATHDROMA",
        "gns:RC": "1",
        "gns:UFI": "-1505217",
        "gns:UNI": "416932",
        "is_in": "County Wicklow",
        "name": "Rathdrum",
        "name:en": "Rathdrum",
        "name:fa": "سنترا",
        "name:ga": "Ráth Droma",
        "name:ru": "Ратрдрам",
        "note": "Experimental import of Irish places and POIs from GNS Dataset",
        "place": "town",
        "place_county": "Wicklow",
        "population": "2264",
        "population:date": "2022-04-03",
        "source": "gns_ei",
        "source:population": "CSO 2022",
        "wikidata": "Q2333424",
        "wikipedia": "en:Rathdrum, County Wicklow"
      },
      "geometry": {
        "type": "Point",
        "coordinates": [
          -6.2313761,
          52.9316289
        ]
      },
      "id": "node/52245510"
    },
    {
      "type": "Feature",
      "properties": {
        "@id": "node/52245546",
        "alt_name": "Kinagad",
        "alt_name:en": "Kinagad",
        "name": "Kinnegad",
        "name:en": "Kinnegad",
        "name:ga": "Cionn Átha Gad",
        "name:ru": "Киннегад",
        "note": "Experimental import of Irish places and POIs from GNS Dataset",
        "place": "town",
        "place_county": "Westmeath",
        "population": "2150",
        "source": "gns_ei",
        "wikidata": "Q1026371"
      },
      "geometry": {
        "type": "Point",
        "coordinates": [
          -7.1011946,
          53.4548146
        ]
      },
      "id": "node/52245546"
    },
    {
      "type": "Feature",
      "properties": {
        "@id": "node/52245580",
        "gns:ADM1": "23",
        "gns:CC1": "EI",
        "gns:DMS_LAT": "530529",
        "gns:DMS_LONG": "-75448",
        "gns:DSG": "PPL",
        "gns:FC": "P",
        "gns:JOG": "NN29-09",
        "gns:LAT": "53.091389",
        "gns:LONG": "-7.913333",
        "gns:MGRS": "29UNU7277182989",
        "gns:N:eng:FULL_NAME": "Birr",
        "gns:N:eng:FULL_NAME_ND": "Birr",
        "gns:N:eng:LC": "eng",
        "gns:N:eng:MODIFY_DATE": "2001-06-26",
        "gns:N:eng:NT": "N",
        "gns:N:eng:SORT_NAME": "BIRR",
        "gns:N:gle:FULL_NAME": "Biorra",
        "gns:N:gle:FULL_NAME_ND": "Biorra",
        "gns:N:gle:LC": "gle",
        "gns:N:gle:MODIFY_DATE": "2001-06-26",
        "gns:N:gle:NT": "N",
        "gns:N:gle:SORT_NAME": "BIORRA",
        "gns:PC": "4",
        "gns:POP": "3300",
        "gns:RC": "1",
        "gns:UFI": "-1500968",
        "gns:UNI": "217397",
        "gns:V:xx:FULL_NAME": "Parsonstown",
        "gns:V:xx:FULL_NAME_ND": "Parsonstown",
        "gns:V:xx:MODIFY_DATE": "2001-06-26",
        "gns:V:xx:NT": "V",
        "gns:V:xx:SORT_NAME": "PARSONSTOWN",
        "is_in": "County Offaly",
        "logainm:ref": "125000",
        "logainm:url": "https://www.logainm.ie/125000.aspx",
        "name": "Birr",
        "name:en": "Birr",
        "name:ga": "Biorra",
        "name:ru": "Бирр",
        "name:sr": "Бер",
        "note": "Experimental import of Irish places and POIs from GNS Dataset",
        "old_name": "Parsonstown",
        "old_name:en": "Parsonstown",
        "place": "town",
        "place_county": "Offaly",
        "population": "3300",
        "source": "gns_ei"
      },
      "geometry": {
        "type": "Point",
        "coordinates": [
          -7.9109221,
          53.0961172
        ]
      },
      "id": "node/52245580"
    },
    {
      "type": "Feature",
      "properties": {
        "@id": "node/52245817",
        "alt_name": "Portlaoise;Port Laoighise;Portlaoighise;Port Leix;Portleix",
        "alt_name:en": "Portlaoise;Port Laoighise;Portlaoighise;Port Leix;Portleix",
        "alt_name:ga": "Portlaoise;Port Laoighise;Portlaoighise;Port Leix;Portleix",
        "gns:ADM1": "15",
        "gns:CC1": "EI",
        "gns:DMS_LAT": "530156",
        "gns:DMS_LONG": "-71800",
        "gns:DSG": "PPLA",
        "gns:FC": "P",
        "gns:JOG": "NN29-09",
        "gns:LAT": "53.032222",
        "gns:LONG": "-7.3",
        "gns:MGRS": "29UPU1399877206",
        "gns:N:xx:FULL_NAME": "Port Laoise",
        "gns:N:xx:FULL_NAME_ND": "Port Laoise",
        "gns:N:xx:MODIFY_DATE": "2001-06-26",
        "gns:N:xx:NT": "N",
        "gns:N:xx:SORT_NAME": "PORTLAOISE",
        "gns:RC": "1",
        "gns:UFI": "-1505109",
        "gns:UNI": "-2148146",
        "gns:V:xx:FULL_NAME": "Port Leix",
        "gns:V:xx:FULL_NAME_ND": "Port Leix",
        "gns:V:xx:MODIFY_DATE": "2001-06-26",
        "gns:V:xx:NT": "V",
        "gns:V:xx:SORT_NAME": "PORTLEIX",
        "logainm:ref": "131233",
        "logainm:url": "https://www.logainm.ie/en/131233",
        "name": "Portlaoise",
        "name:br": "Portlaoise",
        "name:en": "Portlaoise",
        "name:ga": "Portlaoise",
        "note": "Experimental import of Irish places and POIs from GNS Dataset",
        "old_name": "Maryborough;Maryboro';Maryboro",
        "old_name:en": "Maryborough;Maryboro';Maryboro",
        "place": "town",
        "place_county": "Laois",
        "population": "23494",
        "population:date": "2022-04-03",
        "source": "gns_ei",
        "source:name:br": "wikidata",
        "source:population": "CSO 2022",
        "wikidata": "Q822871",
        "wikipedia": "en:Portlaoise"
      },
      "geometry": {
        "type": "Point",
        "coordinates": [
          -7.3000591,
          53.0340093
        ]
      },
      "id": "node/52245817"
    },
    {
      "type": "Feature",
      "properties": {
        "@id": "node/52245916",
        "gns:ADM1": "12",
        "gns:CC1": "EI",
        "gns:DMS_LAT": "532408",
        "gns:DMS_LONG": "-64015",
        "gns:DSG": "PPL",
        "gns:FC": "P",
        "gns:JOG": "NN29-09",
        "gns:LAT": "53.402222",
        "gns:LONG": "-6.670833",
        "gns:MGRS": "29UPV5484219543",
        "gns:N:eng:FULL_NAME": "Kilcock",
        "gns:N:eng:FULL_NAME_ND": "Kilcock",
        "gns:N:eng:LC": "eng",
        "gns:N:eng:MODIFY_DATE": "1999-02-24",
        "gns:N:eng:NT": "N",
        "gns:N:eng:SORT_NAME": "KILCOCK",
        "gns:N:gle:FULL_NAME": "Cill Choca",
        "gns:N:gle:FULL_NAME_ND": "Cill Choca",
        "gns:N:gle:LC": "gle",
        "gns:N:gle:MODIFY_DATE": "1999-02-24",
        "gns:N:gle:NT": "N",
        "gns:N:gle:SORT_NAME": "CILLCHOCA",
        "gns:RC": "1",
        "gns:UFI": "-1503658",
        "gns:UNI": "417406",
        "is_in": "County Kildare",
        "is_in:country": "Ireland",
        "is_in:county": "Kildare",
        "logainm:ref": "1416487",
        "logainm:url": "https://www.logainm.ie/1416487.aspx",
        "name": "Kilcock",
        "name:en": "Kilcock",
        "name:ga": "Cill Choca",
        "note": "Experimental import of Irish places and POIs from GNS Dataset",
        "place": "town",
        "place_county": "Kildare",
        "population": "8674",
        "population:date": "2022-04-03",
        "source": "gns_ei",
        "source:population": "CSO 2022"
      },
      "geometry": {
        "type": "Point",
        "coordinates": [
          -6.667352,
          53.4003472
        ]
      },
      "id": "node/52245916"
    },
    {
      "type": "Feature",
      "properties": {
        "@id": "node/52245988",
        "gns:ADM1": "04",
        "gns:CC1": "EI",
        "gns:DMS_LAT": "521300",
        "gns:DMS_LONG": "-90000",
        "gns:DSG": "PPL",
        "gns:FC": "P",
        "gns:JOG": "NN29-11",
        "gns:LAT": "52.216667",
        "gns:LONG": "-9",
        "gns:MGRS": "29UNT0000085137",
        "gns:N:eng:FULL_NAME": "Newmarket",
        "gns:N:eng:FULL_NAME_ND": "Newmarket",
        "gns:N:eng:LC": "eng",
        "gns:N:eng:MODIFY_DATE": "1997-10-03",
        "gns:N:eng:NT": "N",
        "gns:N:eng:SORT_NAME": "NEWMARKET",
        "gns:N:gle:FULL_NAME": "Áth Trasna",
        "gns:N:gle:FULL_NAME_ND": "Ath Trasna",
        "gns:N:gle:LC": "gle",
        "gns:N:gle:MODIFY_DATE": "1997-10-03",
        "gns:N:gle:NT": "N",
        "gns:N:gle:SORT_NAME": "ATHTRASNA",
        "gns:RC": "1",
        "gns:UFI": "-1504870",
        "gns:UNI": "414049",
        "is_in": "County Cork",
        "logainm:ref": "1414052",
        "logainm:url": "https://www.logainm.ie/1414052.aspx",
        "name": "Newmarket",
        "name:en": "Newmarket",
        "name:ga": "Áth Trasna",
        "name:ru": "Ньюмаркет",
        "note": "Experimental import of Irish places and POIs from GNS Dataset",
        "place": "town",
        "place_county": "Cork",
        "source": "gns_ei",
        "wikidata": "Q4328368",
        "wikipedia": "en:Newmarket, County Cork"
      },
      "geometry": {
        "type": "Point",
        "coordinates": [
          -8.9988708,
          52.214904
        ]
      },
      "id": "node/52245988"
    },
    {
      "type": "Feature",
      "properties": {
        "@id": "node/52246394",
        "name": "Drogheda",
        "name:en": "Drogheda",
        "name:ga": "Droichead Átha",
        "name:gd": "Drochaid Àtha",
        "name:gv": "Droghad Aah",
        "name:ru": "Дроэда",
        "name:sr": "Дрогеда",
        "note": "Experimental import of Irish places and POIs from GNS Dataset",
        "place": "town",
        "place_county": "Louth",
        "population": "44135",
        "population:date": "2022-04-03",
        "source": "gns_ei",
        "source:population": "CSO 2022",
        "wikidata": "Q207223",
        "wikipedia": "en:Drogheda"
      },
      "geometry": {
        "type": "Point",
        "coordinates": [
          -6.3524183,
          53.7149877
        ]
      },
      "id": "node/52246394"
    },
    {
      "type": "Feature",
      "properties": {
        "@id": "node/52246714",
        "gns:ADM1": "11",
        "gns:CC1": "EI",
        "gns:DMS_LAT": "520300",
        "gns:DMS_LONG": "-93100",
        "gns:DSG": "PPL",
        "gns:FC": "P",
        "gns:JOG": "NN29-11",
        "gns:LAT": "52.05",
        "gns:LONG": "-9.516667",
        "gns:MGRS": "29UMT6457066725",
        "gns:N:eng:FULL_NAME": "Killarney",
        "gns:N:eng:FULL_NAME_ND": "Killarney",
        "gns:N:eng:LC": "eng",
        "gns:N:eng:MODIFY_DATE": "2001-06-26",
        "gns:N:eng:NT": "N",
        "gns:N:eng:SORT_NAME": "KILLARNEY",
        "gns:N:gle:FULL_NAME": "Cill Airne",
        "gns:N:gle:FULL_NAME_ND": "Cill Airne",
        "gns:N:gle:LC": "gle",
        "gns:N:gle:MODIFY_DATE": "2001-06-26",
        "gns:N:gle:NT": "N",
        "gns:N:gle:SORT_NAME": "CILLAIRNE",
        "gns:PC": "4",
        "gns:POP": "7300",
        "gns:RC": "1",
        "gns:UFI": "-1503761",
        "gns:UNI": "-2146410",
        "is_in": "County Kerry",
        "name": "Killarney",
        "name:br": "Cill Airne",
        "name:en": "Killarney",
        "name:ga": "Cill Airne",
        "name:gd": "Cill Àirne",
        "name:gv": "Keeill Airney",
        "name:ru": "Килларни",
        "note": "Experimental import of Irish places and POIs from GNS Dataset",
        "place": "town",
        "place_county": "Kerry",
        "population": "14412",
        "population:date": "2022-04-03",
        "source": "gns_ei",
        "source:name:br": "ofis publik ar brezhoneg",
        "source:population": "CSO 2022",
        "wikidata": "Q623382",
        "wikipedia": "en:Killarney"
      },
      "geometry": {
        "type": "Point",
        "coordinates": [
          -9.505322,
          52.0595746
        ]
      },
      "id": "node/52246714"
    },
    {
      "type": "Feature",
      "properties": {
        "@id": "node/52246935",
        "gns:ADM1": "04",
        "gns:CC1": "EI",
        "gns:DMS_LAT": "520809",
        "gns:DMS_LONG": "-81633",
        "gns:DSG": "PPL",
        "gns:FC": "P",
        "gns:JOG": "NN29-11",
        "gns:LAT": "52.135833",
        "gns:LONG": "-8.275833",
        "gns:MGRS": "29UNT4956476393",
        "gns:N:eng:FULL_NAME": "Fermoy",
        "gns:N:eng:FULL_NAME_ND": "Fermoy",
        "gns:N:eng:LC": "eng",
        "gns:N:eng:MODIFY_DATE": "2001-06-26",
        "gns:N:eng:NT": "N",
        "gns:N:eng:SORT_NAME": "FERMOY",
        "gns:N:gle:FULL_NAME": "Mainistir Fhear Maí",
        "gns:N:gle:FULL_NAME_ND": "Mainistir Fhear Mai",
        "gns:N:gle:LC": "gle",
        "gns:N:gle:MODIFY_DATE": "2001-06-26",
        "gns:N:gle:NT": "N",
        "gns:N:gle:SORT_NAME": "MAINISTIRFHEARMAI",
        "gns:PC": "4",
        "gns:POP": "2300",
        "gns:RC": "1",
        "gns:UFI": "-1502809",
        "gns:UNI": "-2145216",
        "is_in": "County Cork",
        "name": "Fermoy",
        "name:en": "Fermoy",
        "name:ga": "Mainistir Fhear Maí",
        "name:ru": "Фермой",
        "note": "Experimental import of Irish places and POIs from GNS Dataset",
        "place": "town",
        "place_county": "Cork",
        "population": "6720",
        "population:date": "2022-04-03",
        "source": "gns_ei",
        "source:population": "CSO 2022",
        "wikidata": "Q1012470",
        "wikipedia": "en:Fermoy"
      },
      "geometry": {
        "type": "Point",
        "coordinates": [
          -8.275223,
          52.1381665
        ]
      },
      "id": "node/52246935"
    },
    {
      "type": "Feature",
      "properties": {
        "@id": "node/52246971",
        "is_in:country": "Ireland",
        "is_in:county": "Dublin",
        "name": "Lucan",
        "name:en": "Lucan",
        "name:ga": "Leamhcán",
        "note": "Experimental import of Irish places and POIs from GNS Dataset",
        "place": "town",
        "place_county": "Dublin",
        "source": "gns_ei",
        "wikidata": "Q1798906",
        "wikipedia": "en:Lucan, Dublin"
      },
      "geometry": {
        "type": "Point",
        "coordinates": [
          -6.4501534,
          53.3567157
        ]
      },
      "id": "node/52246971"
    },
    {
      "type": "Feature",
      "properties": {
        "@id": "node/52247544",
        "gns:ADM1": "13",
        "gns:CC1": "EI",
        "gns:DMS_LAT": "522202",
        "gns:DMS_LONG": "-70953",
        "gns:DSG": "PPL",
        "gns:FC": "P",
        "gns:JOG": "NN29-12",
        "gns:LAT": "52.367222",
        "gns:LONG": "-7.164722",
        "gns:MGRS": "29UPU2495403468",
        "gns:N:eng:FULL_NAME": "Mullinavat",
        "gns:N:eng:FULL_NAME_ND": "Mullinavat",
        "gns:N:eng:LC": "eng",
        "gns:N:eng:MODIFY_DATE": "1998-01-09",
        "gns:N:eng:NT": "N",
        "gns:N:eng:SORT_NAME": "MULLINAVAT",
        "gns:N:gle:FULL_NAME": "Muileann an Bhata",
        "gns:N:gle:FULL_NAME_ND": "Muileann an Bhata",
        "gns:N:gle:LC": "gle",
        "gns:N:gle:MODIFY_DATE": "1998-01-09",
        "gns:N:gle:NT": "N",
        "gns:N:gle:SORT_NAME": "MUILEANNANBHATA",
        "gns:RC": "1",
        "gns:UFI": "-1504773",
        "gns:UNI": "432876",
        "name": "Mullinavat",
        "name:en": "Mullinavat",
        "name:ga": "Muileann an Bhata",
        "name:ru": "Маллинават",
        "note": "Experimental import of Irish places and POIs from GNS Dataset",
        "place": "town",
        "place_county": "Kilkenny",
        "source": "gns_ei"
      },
      "geometry": {
        "type": "Point",
        "coordinates": [
          -7.1713174,
          52.3678497
        ]
      },
      "id": "node/52247544"
    },
    {
      "type": "Feature",
      "properties": {
        "@id": "node/52248398",
        "gns:ADM1": "14",
        "gns:CC1": "EI",
        "gns:DMS_LAT": "541400",
        "gns:DMS_LONG": "-81800",
        "gns:DSG": "PPL",
        "gns:FC": "P",
        "gns:JOG": "NN29-05",
        "gns:LAT": "54.233333",
        "gns:LONG": "-8.3",
        "gns:MGRS": "29UNA4562709709",
        "gns:N:xx:FULL_NAME": "Dromahair",
        "gns:N:xx:FULL_NAME_ND": "Dromahair",
        "gns:N:xx:MODIFY_DATE": "1998-02-13",
        "gns:N:xx:NT": "N",
        "gns:N:xx:SORT_NAME": "DROMAHAIR",
        "gns:RC": "1",
        "gns:UFI": "-1502496",
        "gns:UNI": "-2144819",
        "gns:V:xx:FULL_NAME": "Drumahayre",
        "gns:V:xx:FULL_NAME_ND": "Drumahayre",
        "gns:V:xx:MODIFY_DATE": "1998-02-13",
        "gns:V:xx:NT": "V",
        "gns:V:xx:SORT_NAME": "DRUMAHAYRE",
        "name": "Dromahair",
        "name:ga": "Droim Dhá Thair",
        "note": "Experimental import of Irish places and POIs from GNS Dataset",
        "place": "town",
        "place_county": "Leitrim",
        "source": "gns_ei",
        "wikidata": "Q1026208",
        "wikipedia": "en:Dromahair"
      },
      "geometry": {
        "type": "Point",
        "coordinates": [
          -8.3014975,
          54.2299343
        ]
      },
      "id": "node/52248398"
    },
    {
      "type": "Feature",
      "properties": {
        "@id": "node/52248466",
        "gns:ADM1": "24",
        "gns:CC1": "EI",
        "gns:DMS_LAT": "535100",
        "gns:DMS_LONG": "-81200",
        "gns:DSG": "PPL",
        "gns:FC": "P",
        "gns:JOG": "NN29-08",
        "gns:LAT": "53.85",
        "gns:LONG": "-8.2",
        "gns:MGRS": "29UNV5262767129",
        "gns:N:eng:FULL_NAME": "Elphin",
        "gns:N:eng:FULL_NAME_ND": "Elphin",
        "gns:N:eng:LC": "eng",
        "gns:N:eng:MODIFY_DATE": "1998-02-13",
        "gns:N:eng:NT": "N",
        "gns:N:eng:SORT_NAME": "ELPHIN",
        "gns:N:gle:FULL_NAME": "Ail Finn",
        "gns:N:gle:FULL_NAME_ND": "Ail Finn",
        "gns:N:gle:LC": "gle",
        "gns:N:gle:MODIFY_DATE": "1998-02-13",
        "gns:N:gle:NT": "N",
        "gns:N:gle:SORT_NAME": "AILFINN",
        "gns:RC": "1",
        "gns:UFI": "-1502708",
        "gns:UNI": "451775",
        "name": "Elphin",
        "name:en": "Elphin",
        "name:ga": "Ail Finn",
        "name:ru": "Элфин",
        "note": "Experimental import of Irish places and POIs from GNS Dataset",
        "place": "town",
        "place_county": "Roscommon",
        "source": "gns_ei",
        "wikidata": "Q3777965",
        "wikipedia": "en:Elphin, County Roscommon"
      },
      "geometry": {
        "type": "Point",
        "coordinates": [
          -8.1906903,
          53.8457864
        ]
      },
      "id": "node/52248466"
    },
    {
      "type": "Feature",
      "properties": {
        "@id": "node/52248591",
        "is_in": "County Kerry",
        "name": "Listowel",
        "name:en": "Listowel",
        "name:ga": "Lios Tuathail",
        "name:ru": "Листоуэл",
        "place": "town",
        "place_county": "Kerry",
        "population": "4794",
        "population:date": "2022-04-03",
        "source": "gns_ei",
        "source:population": "CSO 2022",
        "wikidata": "Q996487"
      },
      "geometry": {
        "type": "Point",
        "coordinates": [
          -9.4846811,
          52.4472298
        ]
      },
      "id": "node/52248591"
    },
    {
      "type": "Feature",
      "properties": {
        "@id": "node/52248991",
        "is_in": "County Limerick",
        "name": "Foynes",
        "name:en": "Foynes",
        "name:ga": "Faing",
        "name:ru": "Фойнс",
        "note": "Experimental import of Irish places and POIs from GNS Dataset",
        "place": "town",
        "place_county": "Limerick",
        "source": "gns_ei",
        "wikidata": "Q671401"
      },
      "geometry": {
        "type": "Point",
        "coordinates": [
          -9.1109507,
          52.6111406
        ]
      },
      "id": "node/52248991"
    },
    {
      "type": "Feature",
      "properties": {
        "@id": "node/52249692",
        "gns:ADM1": "13",
        "gns:CC1": "EI",
        "gns:DMS_LAT": "523136",
        "gns:DMS_LONG": "-70814",
        "gns:DSG": "PPL",
        "gns:FC": "P",
        "gns:JOG": "NN29-12",
        "gns:LAT": "52.526667",
        "gns:LONG": "-7.137222",
        "gns:MGRS": "29UPU2636921249",
        "gns:N:eng:FULL_NAME": "Thomastown",
        "gns:N:eng:FULL_NAME_ND": "Thomastown",
        "gns:N:eng:LC": "eng",
        "gns:N:eng:MODIFY_DATE": "1998-02-09",
        "gns:N:eng:NT": "N",
        "gns:N:eng:SORT_NAME": "THOMASTOWN",
        "gns:N:gle:FULL_NAME": "Baile Mhic Andáin",
        "gns:N:gle:FULL_NAME_ND": "Baile Mhic Andain",
        "gns:N:gle:LC": "gle",
        "gns:N:gle:MODIFY_DATE": "1998-02-09",
        "gns:N:gle:NT": "N",
        "gns:N:gle:SORT_NAME": "BAILEMHICANDAIN",
        "gns:RC": "1",
        "gns:UFI": "-1505914",
        "gns:UNI": "432398",
        "is_in": "County Kilkenny",
        "name": "Thomastown",
        "name:en": "Thomastown",
        "name:ga": "Baile Mhic Andáin",
        "note": "Experimental import of Irish places and POIs from GNS Dataset",
        "place": "town",
        "place_county": "Kilkenny",
        "population": "2305",
        "population:date": "2022-04-03",
        "source": "gns_ei",
        "source:population": "CSO 2022",
        "wikidata": "Q1433139",
        "wikipedia": "en:Thomastown"
      },
      "geometry": {
        "type": "Point",
        "coordinates": [
          -7.1382466,
          52.525169
        ]
      },
      "id": "node/52249692"
    },
    {
      "type": "Feature",
      "properties": {
        "@id": "node/52250651",
        "is_in": "County Donegal",
        "is_in:country": "Ireland",
        "is_in:county": "Donegal",
        "name": "Moville",
        "name:en": "Moville",
        "name:ga": "Bun an Phobail",
        "name:ru": "Мовилл",
        "note": "Experimental import of Irish places and POIs from GNS Dataset",
        "place": "town",
        "place_county": "Donegal",
        "source": "gns_ei"
      },
      "geometry": {
        "type": "Point",
        "coordinates": [
          -7.0405236,
          55.1888784
        ]
      },
      "id": "node/52250651"
    },
    {
      "type": "Feature",
      "properties": {
        "@id": "node/52250691",
        "gns:ADM1": "06",
        "gns:CC1": "EI",
        "gns:DMS_LAT": "544955",
        "gns:DMS_LONG": "-72901",
        "gns:DSG": "PPLA",
        "gns:FC": "P",
        "gns:JOG": "NN29-06",
        "gns:LAT": "54.831944",
        "gns:LONG": "-7.483611",
        "gns:MGRS": "29UNA9740277144",
        "gns:N:eng:FULL_NAME": "Lifford",
        "gns:N:eng:FULL_NAME_ND": "Lifford",
        "gns:N:eng:LC": "eng",
        "gns:N:eng:MODIFY_DATE": "2001-06-26",
        "gns:N:eng:NT": "N",
        "gns:N:eng:SORT_NAME": "LIFFORD",
        "gns:N:gle:FULL_NAME": "Leifear",
        "gns:N:gle:FULL_NAME_ND": "Leifear",
        "gns:N:gle:LC": "gle",
        "gns:N:gle:MODIFY_DATE": "2001-06-26",
        "gns:N:gle:NT": "N",
        "gns:N:gle:SORT_NAME": "LEIFEAR",
        "gns:RC": "1",
        "gns:UFI": "-1504187",
        "gns:UNI": "-2146955",
        "is_in": "County Donegal",
        "name": "Lifford",
        "name:en": "Lifford",
        "name:ga": "Leifear",
        "name:gv": "Leffyr",
        "name:ru": "Лиффорд",
        "note": "Experimental import of Irish places and POIs from GNS Dataset",
        "place": "town",
        "place_county": "Donegal",
        "source": "gns_ei",
        "wikidata": "Q844546",
        "wikipedia": "en:Lifford"
      },
      "geometry": {
        "type": "Point",
        "coordinates": [
          -7.4834739,
          54.8326995
        ]
      },
      "id": "node/52250691"
    },
    {
      "type": "Feature",
      "properties": {
        "@id": "node/52250706",
        "gns:ADM1": "03",
        "gns:CC1": "EI",
        "gns:DMS_LAT": "525037",
        "gns:DMS_LONG": "-85911",
        "gns:DSG": "PPLA",
        "gns:FC": "P",
        "gns:JOG": "NN29-11",
        "gns:LAT": "52.843611",
        "gns:LONG": "-8.986389",
        "gns:MGRS": "29UNU0091754874",
        "gns:N:eng:FULL_NAME": "Ennis",
        "gns:N:eng:FULL_NAME_ND": "Ennis",
        "gns:N:eng:LC": "eng",
        "gns:N:eng:MODIFY_DATE": "2001-06-26",
        "gns:N:eng:NT": "N",
        "gns:N:eng:SORT_NAME": "ENNIS",
        "gns:N:gle:FULL_NAME": "Inis",
        "gns:N:gle:FULL_NAME_ND": "Inis",
        "gns:N:gle:LC": "gle",
        "gns:N:gle:MODIFY_DATE": "2001-06-26",
        "gns:N:gle:NT": "N",
        "gns:N:gle:SORT_NAME": "INIS",
        "gns:PC": "3",
        "gns:POP": "13700",
        "gns:RC": "1",
        "gns:UFI": "-1502723",
        "gns:UNI": "-2145111",
        "is_in": "County Clare",
        "name": "Ennis",
        "name:en": "Ennis",
        "name:ga": "Inis",
        "name:ru": "Эннис",
        "note": "Experimental import of Irish places and POIs from GNS Dataset",
        "place": "town",
        "place_county": "Clare",
        "population": "27923",
        "population:date": "2022-04-03",
        "source": "gns_ei",
        "source:population": "CSO 2022",
        "wikidata": "Q209128",
        "wikipedia": "en:Ennis"
      },
      "geometry": {
        "type": "Point",
        "coordinates": [
          -8.983747,
          52.8435152
        ]
      },
      "id": "node/52250706"
    },
    {
      "type": "Feature",
      "properties": {
        "@id": "node/52250817",
        "gns:ADM1": "26",
        "gns:CC1": "EI",
        "gns:DMS_LAT": "525704",
        "gns:DMS_LONG": "-74806",
        "gns:DSG": "PPL",
        "gns:FC": "P",
        "gns:JOG": "NN29-12",
        "gns:LAT": "52.951111",
        "gns:LONG": "-7.801667",
        "gns:MGRS": "29UNU8051067504",
        "gns:N:eng:FULL_NAME": "Roscrea",
        "gns:N:eng:FULL_NAME_ND": "Roscrea",
        "gns:N:eng:LC": "eng",
        "gns:N:eng:MODIFY_DATE": "1998-08-18",
        "gns:N:eng:NT": "N",
        "gns:N:eng:SORT_NAME": "ROSCREA",
        "gns:N:gle:FULL_NAME": "Ros Cré",
        "gns:N:gle:FULL_NAME_ND": "Ros Cre",
        "gns:N:gle:LC": "gle",
        "gns:N:gle:MODIFY_DATE": "1998-08-18",
        "gns:N:gle:NT": "N",
        "gns:N:gle:SORT_NAME": "ROSCRE",
        "gns:RC": "1",
        "gns:UFI": "-1505405",
        "gns:UNI": "-2148515",
        "is_in": "County Tipperary",
        "name": "Roscrea",
        "name:en": "Roscrea",
        "name:ga": "Ros Cré",
        "name:ru": "Роскрей",
        "note": "Experimental import of Irish places and POIs from GNS Dataset",
        "place": "town",
        "place_county": "Tipperary",
        "source": "gns_ei"
      },
      "geometry": {
        "type": "Point",
        "coordinates": [
          -7.7990264,
          52.9551598
        ]
      },
      "id": "node/52250817"
    },
    {
      "type": "Feature",
      "properties": {
        "@id": "node/52250940",
        "gns:ADM1": "24",
        "gns:CC1": "EI",
        "gns:DMS_LAT": "535800",
        "gns:DMS_LONG": "-81800",
        "gns:DSG": "PPL",
        "gns:FC": "P",
        "gns:JOG": "NN29-08",
        "gns:LAT": "53.966667",
        "gns:LONG": "-8.3",
        "gns:MGRS": "29UNV4592180040",
        "gns:N:eng:FULL_NAME": "Boyle",
        "gns:N:eng:FULL_NAME_ND": "Boyle",
        "gns:N:eng:LC": "eng",
        "gns:N:eng:MODIFY_DATE": "1998-02-13",
        "gns:N:eng:NT": "N",
        "gns:N:eng:SORT_NAME": "BOYLE",
        "gns:N:gle:FULL_NAME": "Mainistir na Búille",
        "gns:N:gle:FULL_NAME_ND": "Mainistir na Buille",
        "gns:N:gle:LC": "gle",
        "gns:N:gle:MODIFY_DATE": "1998-02-13",
        "gns:N:gle:NT": "N",
        "gns:N:gle:SORT_NAME": "MAINISTIRNABUILLE",
        "gns:RC": "1",
        "gns:UFI": "-1501080",
        "gns:UNI": "451889",
        "name": "Boyle",
        "name:en": "Boyle",
        "name:ga": "Mainistir na Búille",
        "name:ru": "Бойл",
        "name:sr": "Бојл",
        "note": "Experimental import of Irish places and POIs from GNS Dataset",
        "place": "town",
        "place_county": "Roscommon",
        "source": "gns_ei",
        "wikidata": "Q1124843",
        "wikipedia": "en:Boyle, County Roscommon"
      },
      "geometry": {
        "type": "Point",
        "coordinates": [
          -8.3012564,
          53.9723298
        ]
      },
      "id": "node/52250940"
    },
    {
      "type": "Feature",
      "properties": {
        "@id": "node/52250948",
        "gns:ADM1": "04",
        "gns:CC1": "EI",
        "gns:DMS_LAT": "515400",
        "gns:DMS_LONG": "-85700",
        "gns:DSG": "PPL",
        "gns:FC": "P",
        "gns:JOG": "NM29-03",
        "gns:LAT": "51.9",
        "gns:LONG": "-8.95",
        "gns:MGRS": "29UNT0344049917",
        "gns:N:eng:FULL_NAME": "Macroom",
        "gns:N:eng:FULL_NAME_ND": "Macroom",
        "gns:N:eng:LC": "eng",
        "gns:N:eng:MODIFY_DATE": "2001-06-26",
        "gns:N:eng:NT": "N",
        "gns:N:eng:SORT_NAME": "MACROOM",
        "gns:N:gle:FULL_NAME": "Maigh Chromtha",
        "gns:N:gle:FULL_NAME_ND": "Maigh Chromtha",
        "gns:N:gle:LC": "gle",
        "gns:N:gle:MODIFY_DATE": "2001-06-26",
        "gns:N:gle:NT": "N",
        "gns:N:gle:SORT_NAME": "MAIGHCHROMTHA",
        "gns:PC": "4",
        "gns:POP": "2400",
        "gns:RC": "1",
        "gns:UFI": "-1504389",
        "gns:UNI": "216604",
        "is_in": "County Cork",
        "name": "Macroom",
        "name:en": "Macroom",
        "name:ga": "Maigh Chromtha",
        "name:ru": "Макрум",
        "note": "Experimental import of Irish places and POIs from GNS Dataset",
        "place": "town",
        "place_county": "Cork",
        "population": "4096",
        "population:date": "2022-04-03",
        "source": "gns_ei",
        "source:population": "CSO 2022",
        "wikidata": "Q1002636",
        "wikipedia": "en:Macroom"
      },
      "geometry": {
        "type": "Point",
        "coordinates": [
          -8.9599195,
          51.9049705
        ]
      },
      "id": "node/52250948"
    },
    {
      "type": "Feature",
      "properties": {
        "@id": "node/52251296",
        "gns:ADM1": "04",
        "gns:CC1": "EI",
        "gns:DMS_LAT": "514449",
        "gns:DMS_LONG": "-84433",
        "gns:DSG": "PPL",
        "gns:FC": "P",
        "gns:JOG": "NM29-03",
        "gns:LAT": "51.746944",
        "gns:LONG": "-8.7425",
        "gns:MGRS": "29UNT1777732925",
        "gns:N:eng:FULL_NAME": "Bandon",
        "gns:N:eng:FULL_NAME_ND": "Bandon",
        "gns:N:eng:LC": "eng",
        "gns:N:eng:MODIFY_DATE": "1997-10-21",
        "gns:N:eng:NT": "N",
        "gns:N:eng:SORT_NAME": "BANDON",
        "gns:N:gle:FULL_NAME": "Droichead na Bandon",
        "gns:N:gle:FULL_NAME_ND": "Droichead na Bandon",
        "gns:N:gle:LC": "gle",
        "gns:N:gle:MODIFY_DATE": "1997-10-21",
        "gns:N:gle:NT": "N",
        "gns:N:gle:SORT_NAME": "DROICHEADNABANDON",
        "gns:RC": "1",
        "gns:UFI": "-1500749",
        "gns:UNI": "415432",
        "is_in": "County Cork",
        "name": "Bandon",
        "name:en": "Bandon",
        "name:ga": "Droichead na Bandan",
        "name:ru": "Бандон",
        "name:sr": "Бандон",
        "note": "Experimental import of Irish places and POIs from GNS Dataset",
        "place": "town",
        "place_county": "Cork",
        "population": "8196",
        "population:date": "2022-04-03",
        "source": "gns_ei",
        "source:population": "CSO 2022",
        "wikidata": "Q678018"
      },
      "geometry": {
        "type": "Point",
        "coordinates": [
          -8.7369303,
          51.7461712
        ]
      },
      "id": "node/52251296"
    },
    {
      "type": "Feature",
      "properties": {
        "@id": "node/52251417",
        "gns:ADM1": "04",
        "gns:CC1": "EI",
        "gns:DMS_LAT": "514100",
        "gns:DMS_LONG": "-92700",
        "gns:DSG": "PPL",
        "gns:FC": "P",
        "gns:JOG": "NM29-02",
        "gns:LAT": "51.683333",
        "gns:LONG": "-9.45",
        "gns:MGRS": "29UMT6889025914",
        "gns:N:eng:FULL_NAME": "Bantry",
        "gns:N:eng:FULL_NAME_ND": "Bantry",
        "gns:N:eng:LC": "eng",
        "gns:N:eng:MODIFY_DATE": "1997-10-22",
        "gns:N:eng:NT": "N",
        "gns:N:eng:SORT_NAME": "BANTRY",
        "gns:N:gle:FULL_NAME": "Beanntraí",
        "gns:N:gle:FULL_NAME_ND": "Beanntrai",
        "gns:N:gle:LC": "gle",
        "gns:N:gle:MODIFY_DATE": "1997-10-22",
        "gns:N:gle:NT": "N",
        "gns:N:gle:SORT_NAME": "BEANNTRAI",
        "gns:RC": "1",
        "gns:UFI": "-1500764",
        "gns:UNI": "420974",
        "is_in": "County Cork",
        "name": "Bantry",
        "name:en": "Bantry",
        "name:ga": "Beanntraí",
        "name:ru": "Бантри",
        "name:sr": "Бантри",
        "note": "Experimental import of Irish places and POIs from GNS Dataset",
        "place": "town",
        "place_county": "Cork",
        "population": "2929",
        "population:date": "2022-04-03",
        "source": "gns_ei",
        "source:population": "CSO 2022",
        "wikidata": "Q807001",
        "wikipedia": "en:Bantry"
      },
      "geometry": {
        "type": "Point",
        "coordinates": [
          -9.4523603,
          51.6797696
        ]
      },
      "id": "node/52251417"
    },
    {
      "type": "Feature",
      "properties": {
        "@id": "node/52251600",
        "gns:ADM1": "04",
        "gns:CC1": "EI",
        "gns:DMS_LAT": "521557",
        "gns:DMS_LONG": "-81605",
        "gns:DSG": "PPL",
        "gns:FC": "P",
        "gns:JOG": "NN29-11",
        "gns:LAT": "52.265833",
        "gns:LONG": "-8.268056",
        "gns:MGRS": "29UNT4995090858",
        "gns:N:eng:FULL_NAME": "Mitchelstown",
        "gns:N:eng:FULL_NAME_ND": "Mitchelstown",
        "gns:N:eng:LC": "eng",
        "gns:N:eng:MODIFY_DATE": "1997-12-15",
        "gns:N:eng:NT": "N",
        "gns:N:eng:SORT_NAME": "MITCHELSTOWN",
        "gns:N:gle:FULL_NAME": "Baile Mhistéala",
        "gns:N:gle:FULL_NAME_ND": "Baile Mhisteala",
        "gns:N:gle:LC": "gle",
        "gns:N:gle:MODIFY_DATE": "1997-12-15",
        "gns:N:gle:NT": "N",
        "gns:N:gle:SORT_NAME": "BAILEMHISTEALA",
        "gns:RC": "1",
        "gns:UFI": "-1504547",
        "gns:UNI": "416032",
        "is_in": "County Cork",
        "name": "Mitchelstown",
        "name:en": "Mitchelstown",
        "name:ga": "Baile Mhistéala",
        "name:ru": "Митчелстаун",
        "note": "Experimental import of Irish places and POIs from GNS Dataset",
        "place": "town",
        "place_county": "Cork",
        "population": "3744",
        "population:date": "2022-04-03",
        "source": "gns_ei",
        "source:population": "CSO 2022",
        "wikidata": "Q1496664",
        "wikipedia": "en:Mitchelstown"
      },
      "geometry": {
        "type": "Point",
        "coordinates": [
          -8.2708001,
          52.2661629
        ]
      },
      "id": "node/52251600"
    },
    {
      "type": "Feature",
      "properties": {
        "@id": "node/52251621",
        "gns:ADM1": "02",
        "gns:CC1": "EI",
        "gns:DMS_LAT": "535155",
        "gns:DMS_LONG": "-71210",
        "gns:DSG": "PPL",
        "gns:FC": "P",
        "gns:JOG": "NN29-09",
        "gns:LAT": "53.865278",
        "gns:LONG": "-7.202778",
        "gns:MGRS": "29UPV1818170030",
        "gns:N:eng:FULL_NAME": "Ballyjamesduff",
        "gns:N:eng:FULL_NAME_ND": "Ballyjamesduff",
        "gns:N:eng:LC": "eng",
        "gns:N:eng:MODIFY_DATE": "1999-03-22",
        "gns:N:eng:NT": "N",
        "gns:N:eng:SORT_NAME": "BALLYJAMESDUFF",
        "gns:N:gle:FULL_NAME": "Baile Shéamais Dhuibh",
        "gns:N:gle:FULL_NAME_ND": "Baile Sheamais Dhuibh",
        "gns:N:gle:LC": "gle",
        "gns:N:gle:MODIFY_DATE": "1999-03-22",
        "gns:N:gle:NT": "N",
        "gns:N:gle:SORT_NAME": "BAILESHEAMAISDHUIBH",
        "gns:RC": "1",
        "gns:UFI": "-1500569",
        "gns:UNI": "451343",
        "is_in": "County Cavan",
        "name": "Ballyjamesduff",
        "name:en": "Ballyjamesduff",
        "name:ga": "Baile Shéamais Dhuibh",
        "note": "Experimental import of Irish places and POIs from GNS Dataset",
        "place": "town",
        "place_county": "Cavan",
        "source": "gns_ei",
        "wikidata": "Q252038"
      },
      "geometry": {
        "type": "Point",
        "coordinates": [
          -7.2061572,
          53.8639055
        ]
      },
      "id": "node/52251621"
    },
    {
      "type": "Feature",
      "properties": {
        "@id": "node/52251670",
        "gns:ADM1": "27",
        "gns:CC1": "EI",
        "gns:DMS_LAT": "520932",
        "gns:DMS_LONG": "-70847",
        "gns:DSG": "PPL",
        "gns:FC": "P",
        "gns:JOG": "NN29-12",
        "gns:LAT": "52.158889",
        "gns:LONG": "-7.146389",
        "gns:MGRS": "29UPT2679580331",
        "gns:N:eng:FULL_NAME": "Tramore",
        "gns:N:eng:FULL_NAME_ND": "Tramore",
        "gns:N:eng:LC": "eng",
        "gns:N:eng:MODIFY_DATE": "1998-01-09",
        "gns:N:eng:NT": "N",
        "gns:N:eng:SORT_NAME": "TRAMORE",
        "gns:N:gle:FULL_NAME": "Trá Mhór",
        "gns:N:gle:FULL_NAME_ND": "Tra Mhor",
        "gns:N:gle:LC": "gle",
        "gns:N:gle:MODIFY_DATE": "1998-01-09",
        "gns:N:gle:NT": "N",
        "gns:N:gle:SORT_NAME": "TRAMHOR",
        "gns:RC": "1",
        "gns:UFI": "-1506018",
        "gns:UNI": "432858",
        "is_in": "County Waterford",
        "name": "Tramore",
        "name:en": "Tramore",
        "name:ga": "Trá Mhór",
        "name:ru": "Трамор",
        "note": "Experimental import of Irish places and POIs from GNS Dataset",
        "place": "town",
        "place_county": "Waterford",
        "population": "11277",
        "population:date": "2022-04-03",
        "source": "gns_ei",
        "source:population": "CSO 2022",
        "wikidata": "Q507924",
        "wikipedia": "en:Tramore"
      },
      "geometry": {
        "type": "Point",
        "coordinates": [
          -7.1494391,
          52.1606951
        ]
      },
      "id": "node/52251670"
    },
    {
      "type": "Feature",
      "properties": {
        "@id": "node/52251734",
        "gns:ADM1": "06",
        "gns:CC1": "EI",
        "gns:DMS_LAT": "543800",
        "gns:DMS_LONG": "-82700",
        "gns:DSG": "PPL",
        "gns:FC": "P",
        "gns:JOG": "NN29-05",
        "gns:LAT": "54.633333",
        "gns:LONG": "-8.45",
        "gns:MGRS": "29UNA3550354129",
        "gns:N:eng:FULL_NAME": "Killybegs",
        "gns:N:eng:FULL_NAME_ND": "Killybegs",
        "gns:N:eng:LC": "eng",
        "gns:N:eng:MODIFY_DATE": "1998-02-19",
        "gns:N:eng:NT": "N",
        "gns:N:eng:SORT_NAME": "KILLYBEGS",
        "gns:N:gle:FULL_NAME": "Na Cealla Beaga",
        "gns:N:gle:FULL_NAME_ND": "Na Cealla Beaga",
        "gns:N:gle:LC": "gle",
        "gns:N:gle:MODIFY_DATE": "1998-02-19",
        "gns:N:gle:NT": "N",
        "gns:N:gle:SORT_NAME": "NACEALLABEAGA",
        "gns:RC": "1",
        "gns:UFI": "-1503836",
        "gns:UNI": "457412",
        "gns:V:xx:FULL_NAME": "Na Ceala Beaga",
        "gns:V:xx:FULL_NAME_ND": "Na Ceala Beaga",
        "gns:V:xx:MODIFY_DATE": "1998-02-19",
        "gns:V:xx:NT": "V",
        "gns:V:xx:SORT_NAME": "NACEALABEAGA",
        "is_in": "County Donegal",
        "name": "Killybegs",
        "name:en": "Killybegs",
        "name:ga": "Na Cealla Beaga",
        "name:ru": "Киллибегс",
        "note": "Experimental import of Irish places and POIs from GNS Dataset",
        "place": "town",
        "place_county": "Donegal",
        "source": "gns_ei",
        "wikidata": "Q1741405"
      },
      "geometry": {
        "type": "Point",
        "coordinates": [
          -8.4442592,
          54.6362345
        ]
      },
      "id": "node/52251734"
    },
    {
      "type": "Feature",
      "properties": {
        "@id": "node/52251966",
        "logainm:ref": "1416707",
        "logainm:url": "https://www.logainm.ie/1416707.aspx",
        "name": "Dunshaughlin",
        "name:en": "Dunshaughlin",
        "name:ga": "Dún Seachlainn",
        "place": "town",
        "place_county": "Meath",
        "population": "6644",
        "population:date": "2022-04-03",
        "source:population": "CSO 2022",
        "wikidata": "Q267293"
      },
      "geometry": {
        "type": "Point",
        "coordinates": [
          -6.5394448,
          53.512484
        ]
      },
      "id": "node/52251966"
    },
    {
      "type": "Feature",
      "properties": {
        "@id": "node/52251992",
        "gns:ADM1": "11",
        "gns:CC1": "EI",
        "gns:DMS_LAT": "523422",
        "gns:DMS_LONG": "-92231",
        "gns:DSG": "PPL",
        "gns:FC": "P",
        "gns:JOG": "NN29-11",
        "gns:LAT": "52.572778",
        "gns:LONG": "-9.375278",
        "gns:MGRS": "29UMU7456724813",
        "gns:N:eng:FULL_NAME": "Tarbert",
        "gns:N:eng:FULL_NAME_ND": "Tarbert",
        "gns:N:eng:LC": "eng",
        "gns:N:eng:MODIFY_DATE": "1998-05-05",
        "gns:N:eng:NT": "N",
        "gns:N:eng:SORT_NAME": "TARBERT",
        "gns:N:gle:FULL_NAME": "Tairbeart",
        "gns:N:gle:FULL_NAME_ND": "Tairbeart",
        "gns:N:gle:LC": "gle",
        "gns:N:gle:MODIFY_DATE": "1998-05-05",
        "gns:N:gle:NT": "N",
        "gns:N:gle:SORT_NAME": "TAIRBEART",
        "gns:RC": "1",
        "gns:UFI": "-1505871",
        "gns:UNI": "429167",
        "is_in": "County Kerry",
        "name": "Tarbert",
        "name:en": "Tarbert",
        "name:ga": "Tairbeart",
        "name:ru": "Тарберт",
        "note": "Experimental import of Irish places and POIs from GNS Dataset",
        "place": "town",
        "place_county": "Kerry",
        "population": "546",
        "population:date": "2022-04-03",
        "source": "gns_ei",
        "source:population": "CSO 2022",
        "wikidata": "Q969955"
      },
      "geometry": {
        "type": "Point",
        "coordinates": [
          -9.3745404,
          52.5725905
        ]
      },
      "id": "node/52251992"
    },
    {
      "type": "Feature",
      "properties": {
        "@id": "node/52252171",
        "gns:ADM1": "07",
        "gns:CC1": "EI",
        "gns:DMS_LAT": "531732",
        "gns:DMS_LONG": "-61601",
        "gns:DSG": "PPL",
        "gns:FC": "P",
        "gns:JOG": "NN29-09",
        "gns:LAT": "53.292222",
        "gns:LONG": "-6.266944",
        "gns:MGRS": "29UPV8215608263",
        "gns:N:xx:FULL_NAME": "Dundrum",
        "gns:N:xx:FULL_NAME_ND": "Dundrum",
        "gns:N:xx:MODIFY_DATE": "1999-02-24",
        "gns:N:xx:NT": "N",
        "gns:N:xx:SORT_NAME": "DUNDRUM",
        "gns:RC": "1",
        "gns:UFI": "-1502596",
        "gns:UNI": "-2144949",
        "is_in:country": "Ireland",
        "is_in:county": "Dublin",
        "name": "Dundrum",
        "name:en": "Dundrum",
        "name:ga": "Dún Droma",
        "note": "Experimental import of Irish places and POIs from GNS Dataset",
        "place": "town",
        "place_county": "Dublin",
        "source": "gns_ei",
        "wikidata": "Q2446861",
        "wikipedia": "en:Dundrum, Dublin"
      },
      "geometry": {
        "type": "Point",
        "coordinates": [
          -6.2433756,
          53.2891457
        ]
      },
      "id": "node/52252171"
    },
    {
      "type": "Feature",
      "properties": {
        "@id": "node/52252242",
        "gns:ADM1": "27",
        "gns:CC1": "EI",
        "gns:DMS_LAT": "520812",
        "gns:DMS_LONG": "-75551",
        "gns:DSG": "PPL",
        "gns:FC": "P",
        "gns:JOG": "NN29-12",
        "gns:LAT": "52.136667",
        "gns:LONG": "-7.930833",
        "gns:MGRS": "29UNT7317476778",
        "gns:N:eng:FULL_NAME": "Lismore",
        "gns:N:eng:FULL_NAME_ND": "Lismore",
        "gns:N:eng:LC": "eng",
        "gns:N:eng:MODIFY_DATE": "1997-12-15",
        "gns:N:eng:NT": "N",
        "gns:N:eng:SORT_NAME": "LISMORE",
        "gns:N:gle:FULL_NAME": "Lios Mór",
        "gns:N:gle:FULL_NAME_ND": "Lios Mor",
        "gns:N:gle:LC": "gle",
        "gns:N:gle:MODIFY_DATE": "1997-12-15",
        "gns:N:gle:NT": "N",
        "gns:N:gle:SORT_NAME": "LIOSMOR",
        "gns:RC": "1",
        "gns:UFI": "-1504234",
        "gns:UNI": "415755",
        "is_in": "County Waterford",
        "name": "Lismore",
        "name:en": "Lismore",
        "name:ga": "Lios Mór",
        "name:ru": "Лисмор",
        "note": "Experimental import of Irish places and POIs from GNS Dataset",
        "place": "town",
        "place_county": "Waterford",
        "source": "gns_ei",
        "wikidata": "Q1828038",
        "wikipedia": "en:Lismore, County Waterford"
      },
      "geometry": {
        "type": "Point",
        "coordinates": [
          -7.9330526,
          52.1368018
        ]
      },
      "id": "node/52252242"
    },
    {
      "type": "Feature",
      "properties": {
        "@id": "node/52252757",
        "gns:ADM1": "04",
        "gns:CC1": "EI",
        "gns:DMS_LAT": "515457",
        "gns:DMS_LONG": "-82359",
        "gns:DSG": "PPL",
        "gns:FC": "P",
        "gns:JOG": "NM29-03",
        "gns:LAT": "51.915833",
        "gns:LONG": "-8.399722",
        "gns:MGRS": "29UNT4128651847",
        "gns:N:eng:FULL_NAME": "Glanmire",
        "gns:N:eng:FULL_NAME_ND": "Glanmire",
        "gns:N:eng:LC": "eng",
        "gns:N:eng:MODIFY_DATE": "1997-12-15",
        "gns:N:eng:NT": "N",
        "gns:N:eng:SORT_NAME": "GLANMIRE",
        "gns:N:gle:FULL_NAME": "Gleann Maghair",
        "gns:N:gle:FULL_NAME_ND": "Gleann Maghair",
        "gns:N:gle:LC": "gle",
        "gns:N:gle:MODIFY_DATE": "1997-12-15",
        "gns:N:gle:NT": "N",
        "gns:N:gle:SORT_NAME": "GLEANNMAGHAIR",
        "gns:RC": "1",
        "gns:UFI": "-1503016",
        "gns:UNI": "415449",
        "is_in": "County Cork",
        "name": "Glanmire",
        "name:en": "Glanmire",
        "name:ga": "Gleann Maghair",
        "note": "Experimental import of Irish places and POIs from GNS Dataset",
        "place": "town",
        "place_county": "Cork",
        "population": "15498",
        "source": "gns_ei",
        "wikidata": "Q2084265"
      },
      "geometry": {
        "type": "Point",
        "coordinates": [
          -8.3959789,
          51.9192272
        ]
      },
      "id": "node/52252757"
    },
    {
      "type": "Feature",
      "properties": {
        "@id": "node/52252984",
        "gns:ADM1": "31",
        "gns:CC1": "EI",
        "gns:DMS_LAT": "525112",
        "gns:DMS_LONG": "-61939",
        "gns:DSG": "PPL",
        "gns:FC": "P",
        "gns:JOG": "NN29-12",
        "gns:LAT": "52.853333",
        "gns:LONG": "-6.3275",
        "gns:MGRS": "29UPU7994259301",
        "gns:N:eng:FULL_NAME": "Aughrim",
        "gns:N:eng:FULL_NAME_ND": "Aughrim",
        "gns:N:eng:LC": "eng",
        "gns:N:eng:MODIFY_DATE": "1998-02-09",
        "gns:N:eng:NT": "N",
        "gns:N:eng:SORT_NAME": "AUGHRIM",
        "gns:N:gle:FULL_NAME": "Eachroim",
        "gns:N:gle:FULL_NAME_ND": "Eachroim",
        "gns:N:gle:LC": "gle",
        "gns:N:gle:MODIFY_DATE": "1998-02-09",
        "gns:N:gle:NT": "N",
        "gns:N:gle:SORT_NAME": "EACHROIM",
        "gns:RC": "1",
        "gns:UFI": "-1500302",
        "gns:UNI": "432805",
        "is_in": "County Wicklow",
        "name": "Aughrim",
        "name:en": "Aughrim",
        "name:ga": "Eachroim",
        "name:ru": "Охрим",
        "note": "Experimental import of Irish places and POIs from GNS Dataset",
        "place": "town",
        "place_county": "Wicklow",
        "population": "1437",
        "population:date": "2022-04-03",
        "source": "gns_ei",
        "source:population": "CSO 2022",
        "wikidata": "Q2091051",
        "wikipedia": "en:Aughrim, County Wicklow"
      },
      "geometry": {
        "type": "Point",
        "coordinates": [
          -6.3290334,
          52.8550688
        ]
      },
      "id": "node/52252984"
    },
    {
      "type": "Feature",
      "properties": {
        "@id": "node/52253160",
        "alt_name:en": "Ben of Howth",
        "is_in:country": "Ireland",
        "is_in:county": "Dublin",
        "name": "Howth",
        "name:en": "Howth",
        "name:ga": "Binn Éadair",
        "name:pronunciation": "ˈhoʊθ",
        "place": "town",
        "place_county": "Dublin",
        "population": "8277",
        "wikidata": "Q434165",
        "wikipedia": "en:Howth"
      },
      "geometry": {
        "type": "Point",
        "coordinates": [
          -6.0651186,
          53.3858337
        ]
      },
      "id": "node/52253160"
    },
    {
      "type": "Feature",
      "properties": {
        "@id": "node/52253178",
        "gns:ADM1": "25",
        "gns:CC1": "EI",
        "gns:DMS_LAT": "541300",
        "gns:DMS_LONG": "-90600",
        "gns:DSG": "PPL",
        "gns:FC": "P",
        "gns:JOG": "NN29-05",
        "gns:LAT": "54.216667",
        "gns:LONG": "-9.1",
        "gns:MGRS": "29UMA9347907633",
        "gns:N:eng:FULL_NAME": "Inishcrone",
        "gns:N:eng:FULL_NAME_ND": "Inishcrone",
        "gns:N:eng:LC": "eng",
        "gns:N:eng:MODIFY_DATE": "1997-10-03",
        "gns:N:eng:NT": "N",
        "gns:N:eng:SORT_NAME": "INISHCRONE",
        "gns:N:gle:FULL_NAME": "Inis Crabhann",
        "gns:N:gle:FULL_NAME_ND": "Inis Crabhann",
        "gns:N:gle:LC": "gle",
        "gns:N:gle:MODIFY_DATE": "1997-10-03",
        "gns:N:gle:NT": "N",
        "gns:N:gle:SORT_NAME": "INISCRABHANN",
        "gns:RC": "1",
        "gns:UFI": "-1503472",
        "gns:UNI": "416703",
        "name": "Inishcrone",
        "name:en": "Inishcrone",
        "name:ga": "Inis Crabhann",
        "note": "Experimental import of Irish places and POIs from GNS Dataset",
        "place": "town",
        "place_county": "Sligo",
        "source": "gns_ei"
      },
      "geometry": {
        "type": "Point",
        "coordinates": [
          -9.0934543,
          54.2132221
        ]
      },
      "id": "node/52253178"
    },
    {
      "type": "Feature",
      "properties": {
        "@id": "node/52253214",
        "gns:ADM1": "06",
        "gns:CC1": "EI",
        "gns:DMS_LAT": "551100",
        "gns:DMS_LONG": "-75800",
        "gns:DSG": "PPL",
        "gns:FC": "P",
        "gns:JOG": "NN29-03",
        "gns:LAT": "55.183333",
        "gns:LONG": "-7.966667",
        "gns:MGRS": "29UNB6579815680",
        "gns:N:eng:FULL_NAME": "Dunfanaghy",
        "gns:N:eng:FULL_NAME_ND": "Dunfanaghy",
        "gns:N:eng:LC": "eng",
        "gns:N:eng:MODIFY_DATE": "1998-02-19",
        "gns:N:eng:NT": "N",
        "gns:N:eng:SORT_NAME": "DUNFANAGHY",
        "gns:N:gle:FULL_NAME": "Dún Fionnachaidh",
        "gns:N:gle:FULL_NAME_ND": "Dun Fionnachaidh",
        "gns:N:gle:LC": "gle",
        "gns:N:gle:MODIFY_DATE": "1998-02-19",
        "gns:N:gle:NT": "N",
        "gns:N:gle:SORT_NAME": "DUNFIONNACHAIDH",
        "gns:RC": "1",
        "gns:UFI": "-1502598",
        "gns:UNI": "459401",
        "is_in": "County Donegal",
        "name": "Dunfanaghy",
        "name:en": "Dunfanaghy",
        "name:ga": "Dún Fionnachaidh",
        "note": "Experimental import of Irish places and POIs from GNS Dataset",
        "place": "town",
        "place_county": "Donegal",
        "source": "gns_ei",
        "wikidata": "Q212489"
      },
      "geometry": {
        "type": "Point",
        "coordinates": [
          -7.9717773,
          55.1833879
        ]
      },
      "id": "node/52253214"
    },
    {
      "type": "Feature",
      "properties": {
        "@id": "node/52253508",
        "gns:ADM1": "12",
        "gns:CC1": "EI",
        "gns:DMS_LAT": "531725",
        "gns:DMS_LONG": "-64514",
        "gns:DSG": "PPL",
        "gns:FC": "P",
        "gns:JOG": "NN29-09",
        "gns:LAT": "53.290278",
        "gns:LONG": "-6.753889",
        "gns:MGRS": "29UPV4971406915",
        "gns:N:eng:FULL_NAME": "Prosperous",
        "gns:N:eng:FULL_NAME_ND": "Prosperous",
        "gns:N:eng:LC": "eng",
        "gns:N:eng:MODIFY_DATE": "1999-02-24",
        "gns:N:eng:NT": "N",
        "gns:N:eng:SORT_NAME": "PROSPEROUS",
        "gns:N:gle:FULL_NAME": "An Chorrchoill",
        "gns:N:gle:FULL_NAME_ND": "An Chorrchoill",
        "gns:N:gle:LC": "gle",
        "gns:N:gle:MODIFY_DATE": "1999-02-24",
        "gns:N:gle:NT": "N",
        "gns:N:gle:SORT_NAME": "ANCHORRCHOILL",
        "gns:RC": "1",
        "gns:UFI": "-1505141",
        "gns:UNI": "417383",
        "is_in": "County Kildare",
        "name": "Prosperous",
        "name:en": "Prosperous",
        "name:ga": "An Chorrchoill",
        "name:ru": "Просперес",
        "note": "Experimental import of Irish places and POIs from GNS Dataset",
        "place": "town",
        "place_county": "Kildare",
        "source": "gns_ei",
        "wikidata": "Q2528850",
        "wikipedia": "en:Prosperous, County Kildare"
      },
      "geometry": {
        "type": "Point",
        "coordinates": [
          -6.751986,
          53.2882056
        ]
      },
      "id": "node/52253508"
    },
    {
      "type": "Feature",
      "properties": {
        "@id": "node/52253576",
        "gns:ADM1": "03",
        "gns:CC1": "EI",
        "gns:DMS_LAT": "523823",
        "gns:DMS_LONG": "-92900",
        "gns:DSG": "PPL",
        "gns:FC": "P",
        "gns:JOG": "NN29-11",
        "gns:LAT": "52.639722",
        "gns:LONG": "-9.483333",
        "gns:MGRS": "29UMU6729432303",
        "gns:N:eng:FULL_NAME": "Kilrush",
        "gns:N:eng:FULL_NAME_ND": "Kilrush",
        "gns:N:eng:LC": "eng",
        "gns:N:eng:MODIFY_DATE": "2001-06-26",
        "gns:N:eng:NT": "N",
        "gns:N:eng:SORT_NAME": "KILRUSH",
        "gns:N:gle:FULL_NAME": "Cill Rois",
        "gns:N:gle:FULL_NAME_ND": "Cill Rois",
        "gns:N:gle:LC": "gle",
        "gns:N:gle:MODIFY_DATE": "2001-06-26",
        "gns:N:gle:NT": "N",
        "gns:N:gle:SORT_NAME": "CILLROIS",
        "gns:PC": "4",
        "gns:POP": "2700",
        "gns:RC": "1",
        "gns:UFI": "-1503913",
        "gns:UNI": "217351",
        "is_in": "County Clare",
        "name": "Kilrush",
        "name:en": "Kilrush",
        "name:ga": "Cill Rois",
        "name:ru": "Килраш",
        "note": "Experimental import of Irish places and POIs from GNS Dataset",
        "place": "town",
        "place_county": "Clare",
        "population": "2649",
        "population:date": "2022-04-03",
        "source": "gns_ei",
        "source:population": "CSO 2022",
        "wikidata": "Q963894"
      },
      "geometry": {
        "type": "Point",
        "coordinates": [
          -9.4833283,
          52.6397222
        ]
      },
      "id": "node/52253576"
    },
    {
      "type": "Feature",
      "properties": {
        "@id": "node/52253578",
        "is_in": "County Donegal",
        "name": "Stranorlar",
        "name:en": "Stranorlar",
        "name:ga": "Srath an Urláir",
        "name:ru": "Странорлар",
        "note": "Experimental import of Irish places and POIs from GNS Dataset",
        "place": "town",
        "place_county": "Donegal",
        "source": "gns_ei",
        "wikidata": "Q783750",
        "wikipedia": "en:Stranorlar"
      },
      "geometry": {
        "type": "Point",
        "coordinates": [
          -7.7691565,
          54.8044663
        ]
      },
      "id": "node/52253578"
    },
    {
      "type": "Feature",
      "properties": {
        "@id": "node/52253632",
        "gns:ADM1": "01",
        "gns:CC1": "EI",
        "gns:DMS_LAT": "525027",
        "gns:DMS_LONG": "-65534",
        "gns:DSG": "PPLA",
        "gns:FC": "P",
        "gns:JOG": "NN29-12",
        "gns:LAT": "52.840833",
        "gns:LONG": "-6.926111",
        "gns:MGRS": "29UPU3968356580",
        "gns:N:eng:FULL_NAME": "Carlow",
        "gns:N:eng:FULL_NAME_ND": "Carlow",
        "gns:N:eng:LC": "eng",
        "gns:N:eng:MODIFY_DATE": "2001-06-26",
        "gns:N:eng:NT": "N",
        "gns:N:eng:SORT_NAME": "CARLOW",
        "gns:N:gle:FULL_NAME": "Ceatharlach",
        "gns:N:gle:FULL_NAME_ND": "Ceatharlach",
        "gns:N:gle:LC": "gle",
        "gns:N:gle:MODIFY_DATE": "2001-06-26",
        "gns:N:gle:NT": "N",
        "gns:N:gle:SORT_NAME": "CEATHARLACH",
        "gns:PC": "3",
        "gns:POP": "11300",
        "gns:RC": "1",
        "gns:UFI": "-1501356",
        "gns:UNI": "-2143391",
        "is_in": "County Carlow;Ireland",
        "name": "Carlow",
        "name:en": "Carlow",
        "name:ga": "Ceatharlach",
        "name:gd": "Ceatharlach",
        "name:ru": "Карлоу",
        "note": "Experimental import of Irish places and POIs from GNS Dataset",
        "place": "town",
        "place_county": "Carlow",
        "population": "27351",
        "population:date": "2022-04-03",
        "source": "gns_ei",
        "source:population": "CSO 2022",
        "wikidata": "Q211703",
        "wikipedia": "en:Carlow"
      },
      "geometry": {
        "type": "Point",
        "coordinates": [
          -6.9261131,
          52.8408344
        ]
      },
      "id": "node/52253632"
    },
    {
      "type": "Feature",
      "properties": {
        "@id": "node/52253844",
        "is_in": "County Donegal",
        "name": "Castlefinn",
        "name:en": "Castlefinn",
        "name:ga": "Caisleán na Finne",
        "note": "Experimental import of Irish places and POIs from GNS Dataset",
        "place": "town",
        "place_county": "Donegal",
        "source": "gns_ei",
        "wikidata": "Q2563725",
        "wikipedia": "en:Castlefin"
      },
      "geometry": {
        "type": "Point",
        "coordinates": [
          -7.5931697,
          54.8033847
        ]
      },
      "id": "node/52253844"
    },
    {
      "type": "Feature",
      "properties": {
        "@id": "node/52253901",
        "gns:ADM1": "13",
        "gns:CC1": "EI",
        "gns:DMS_LAT": "521722",
        "gns:DMS_LONG": "-71454",
        "gns:DSG": "PPL",
        "gns:FC": "P",
        "gns:JOG": "NN29-12",
        "gns:LAT": "52.289444",
        "gns:LONG": "-7.248333",
        "gns:MGRS": "29UPT1947194677",
        "gns:N:eng:FULL_NAME": "Mooncoin",
        "gns:N:eng:FULL_NAME_ND": "Mooncoin",
        "gns:N:eng:LC": "eng",
        "gns:N:eng:MODIFY_DATE": "1998-01-09",
        "gns:N:eng:NT": "N",
        "gns:N:eng:SORT_NAME": "MOONCOIN",
        "gns:N:gle:FULL_NAME": "Móin Choinn",
        "gns:N:gle:FULL_NAME_ND": "Moin Choinn",
        "gns:N:gle:LC": "gle",
        "gns:N:gle:MODIFY_DATE": "1998-01-09",
        "gns:N:gle:NT": "N",
        "gns:N:gle:SORT_NAME": "MOINCHOINN",
        "gns:RC": "1",
        "gns:UFI": "-1504594",
        "gns:UNI": "432867",
        "name": "Mooncoin",
        "name:en": "Mooncoin",
        "name:ga": "Móin Choinn",
        "note": "Experimental import of Irish places and POIs from GNS Dataset",
        "place": "town",
        "place_county": "Kilkenny",
        "source": "gns_ei"
      },
      "geometry": {
        "type": "Point",
        "coordinates": [
          -7.2514947,
          52.2908987
        ]
      },
      "id": "node/52253901"
    },
    {
      "type": "Feature",
      "properties": {
        "@id": "node/52253937",
        "name": "Louisburgh",
        "name:en": "Louisburgh",
        "name:ga": "Cluain Cearbán",
        "place": "town",
        "wikidata": "Q1025558"
      },
      "geometry": {
        "type": "Point",
        "coordinates": [
          -9.8084904,
          53.7635338
        ]
      },
      "id": "node/52253937"
    },
    {
      "type": "Feature",
      "properties": {
        "@id": "node/52253992",
        "gns:ADM1": "12",
        "gns:CC1": "EI",
        "gns:DMS_LAT": "530800",
        "gns:DMS_LONG": "-63700",
        "gns:DSG": "PPL",
        "gns:FC": "P",
        "gns:JOG": "NN29-09",
        "gns:LAT": "53.133333",
        "gns:LONG": "-6.616667",
        "gns:MGRS": "29UPU5944089757",
        "gns:N:eng:FULL_NAME": "Ballymore Eustace",
        "gns:N:eng:FULL_NAME_ND": "Ballymore Eustace",
        "gns:N:eng:LC": "eng",
        "gns:N:eng:MODIFY_DATE": "1997-10-03",
        "gns:N:eng:NT": "N",
        "gns:N:eng:SORT_NAME": "BALLYMOREEUSTACE",
        "gns:N:gle:FULL_NAME": "An Baile Mór",
        "gns:N:gle:FULL_NAME_ND": "An Baile Mor",
        "gns:N:gle:LC": "gle",
        "gns:N:gle:MODIFY_DATE": "1997-10-03",
        "gns:N:gle:NT": "N",
        "gns:N:gle:SORT_NAME": "ANBAILEMOR",
        "gns:RC": "1",
        "gns:UFI": "-1500623",
        "gns:UNI": "417340",
        "is_in": "County Kildare",
        "name": "Ballymore Eustace",
        "name:en": "Ballymore Eustace",
        "name:ga": "An Baile Mór",
        "note": "Experimental import of Irish places and POIs from GNS Dataset",
        "place": "town",
        "place_county": "Kildare",
        "source": "gns_ei",
        "wikidata": "Q2030126",
        "wikipedia": "en:Ballymore Eustace"
      },
      "geometry": {
        "type": "Point",
        "coordinates": [
          -6.6152013,
          53.1334772
        ]
      },
      "id": "node/52253992"
    },
    {
      "type": "Feature",
      "properties": {
        "@id": "node/52253997",
        "gns:ADM1": "27",
        "gns:CC1": "EI",
        "gns:DMS_LAT": "521718",
        "gns:DMS_LONG": "-71914",
        "gns:DSG": "PPL",
        "gns:FC": "P",
        "gns:JOG": "NN29-12",
        "gns:LAT": "52.288333",
        "gns:LONG": "-7.320556",
        "gns:MGRS": "29UPT1454894436",
        "gns:N:eng:FULL_NAME": "Portlaw",
        "gns:N:eng:FULL_NAME_ND": "Portlaw",
        "gns:N:eng:LC": "eng",
        "gns:N:eng:MODIFY_DATE": "1997-12-15",
        "gns:N:eng:NT": "N",
        "gns:N:eng:SORT_NAME": "PORTLAW",
        "gns:N:gle:FULL_NAME": "Port Lách",
        "gns:N:gle:FULL_NAME_ND": "Port Lach",
        "gns:N:gle:LC": "gle",
        "gns:N:gle:MODIFY_DATE": "1997-12-15",
        "gns:N:gle:NT": "N",
        "gns:N:gle:SORT_NAME": "PORTLACH",
        "gns:RC": "1",
        "gns:UFI": "-1505110",
        "gns:UNI": "416055",
        "is_in": "County Waterford",
        "name": "Portlaw",
        "name:en": "Portlaw",
        "name:ga": "Port Lách",
        "note": "Experimental import of Irish places and POIs from GNS Dataset",
        "place": "town",
        "place_county": "Waterford",
        "population": "1881",
        "population:date": "2022-04-03",
        "source": "gns_ei",
        "source:population": "CSO 2022",
        "wikidata": "Q2082363"
      },
      "geometry": {
        "type": "Point",
        "coordinates": [
          -7.3205489,
          52.2883326
        ]
      },
      "id": "node/52253997"
    },
    {
      "type": "Feature",
      "properties": {
        "@id": "node/52254097",
        "gns:ADM1": "13",
        "gns:CC1": "EI",
        "gns:DMS_LAT": "524314",
        "gns:DMS_LONG": "-73457",
        "gns:DSG": "PPL",
        "gns:FC": "P",
        "gns:JOG": "NN29-12",
        "gns:LAT": "52.720556",
        "gns:LONG": "-7.5825",
        "gns:MGRS": "29UNU9573942128",
        "gns:N:eng:FULL_NAME": "Urlingford",
        "gns:N:eng:FULL_NAME_ND": "Urlingford",
        "gns:N:eng:LC": "eng",
        "gns:N:eng:MODIFY_DATE": "1998-03-23",
        "gns:N:eng:NT": "N",
        "gns:N:eng:SORT_NAME": "URLINGFORD",
        "gns:N:gle:FULL_NAME": "Áth na nUrlainn",
        "gns:N:gle:FULL_NAME_ND": "Ath na nUrlainn",
        "gns:N:gle:LC": "gle",
        "gns:N:gle:MODIFY_DATE": "1998-03-23",
        "gns:N:gle:NT": "N",
        "gns:N:gle:SORT_NAME": "ATHNANURLAINN",
        "gns:RC": "1",
        "gns:UFI": "-1506115",
        "gns:UNI": "430684",
        "is_in": "County Kilkenny",
        "name": "Urlingford",
        "name:en": "Urlingford",
        "name:ga": "Áth na nUrlainn",
        "note": "Experimental import of Irish places and POIs from GNS Dataset",
        "place": "town",
        "place_county": "Kilkenny",
        "source": "gns_ei",
        "wikidata": "Q2644656",
        "wikipedia": "en:Urlingford"
      },
      "geometry": {
        "type": "Point",
        "coordinates": [
          -7.5825,
          52.720556
        ]
      },
      "id": "node/52254097"
    },
    {
      "type": "Feature",
      "properties": {
        "@id": "node/52254129",
        "is_in": "County Limerick",
        "logainm:ref": "30635",
        "logainm:url": "https://www.logainm.ie/30635.aspx",
        "name": "Croom",
        "name:en": "Croom",
        "name:ga": "Cromadh",
        "name:ru": "Крум",
        "place": "town",
        "place_county": "Limerick",
        "population": "1240",
        "population:date": "2022-04-03",
        "source": "gns_ei",
        "source:population": "CSO 2022",
        "wikidata": "Q2670286"
      },
      "geometry": {
        "type": "Point",
        "coordinates": [
          -8.7171793,
          52.5192086
        ]
      },
      "id": "node/52254129"
    },
    {
      "type": "Feature",
      "properties": {
        "@id": "node/52254199",
        "gns:ADM1": "20",
        "gns:CC1": "EI",
        "gns:DMS_LAT": "535700",
        "gns:DMS_LONG": "-85700",
        "gns:DSG": "PPL",
        "gns:FC": "P",
        "gns:JOG": "NN29-08",
        "gns:LAT": "53.95",
        "gns:LONG": "-8.95",
        "gns:MGRS": "29UNV0328177960",
        "gns:N:eng:FULL_NAME": "Swinford",
        "gns:N:eng:FULL_NAME_ND": "Swinford",
        "gns:N:eng:LC": "eng",
        "gns:N:eng:MODIFY_DATE": "1998-02-13",
        "gns:N:eng:NT": "N",
        "gns:N:eng:SORT_NAME": "SWINFORD",
        "gns:N:gle:FULL_NAME": "Béal Átha na Muice",
        "gns:N:gle:FULL_NAME_ND": "Beal Atha na Muice",
        "gns:N:gle:LC": "gle",
        "gns:N:gle:MODIFY_DATE": "1998-02-13",
        "gns:N:gle:NT": "N",
        "gns:N:gle:SORT_NAME": "BEALATHANAMUICE",
        "gns:RC": "1",
        "gns:UFI": "-1505838",
        "gns:UNI": "451879",
        "gns:V:xx:FULL_NAME": "Swineford",
        "gns:V:xx:FULL_NAME_ND": "Swineford",
        "gns:V:xx:MODIFY_DATE": "1998-02-13",
        "gns:V:xx:NT": "V",
        "gns:V:xx:SORT_NAME": "SWINEFORD",
        "name": "Swinford",
        "name:en": "Swinford",
        "name:ga": "Béal Átha na Muice",
        "name:ru": "Суинфорд",
        "note": "Experimental import of Irish places and POIs from GNS Dataset",
        "place": "town",
        "place_county": "Mayo",
        "source": "gns_ei",
        "wikidata": "Q2038011",
        "wikipedia": "en:Swinford"
      },
      "geometry": {
        "type": "Point",
        "coordinates": [
          -8.9498117,
          53.9435164
        ]
      },
      "id": "node/52254199"
    },
    {
      "type": "Feature",
      "properties": {
        "@id": "node/52254526",
        "gns:ADM1": "12",
        "gns:CC1": "EI",
        "gns:DMS_LAT": "531055",
        "gns:DMS_LONG": "-64748",
        "gns:DSG": "PPL",
        "gns:FC": "P",
        "gns:JOG": "NN29-09",
        "gns:LAT": "53.181944",
        "gns:LONG": "-6.796667",
        "gns:MGRS": "29UPU4723494777",
        "gns:N:xx:FULL_NAME": "Droichead Nua",
        "gns:N:xx:FULL_NAME_ND": "Droichead Nua",
        "gns:N:xx:MODIFY_DATE": "1999-02-24",
        "gns:N:xx:NT": "N",
        "gns:N:xx:SORT_NAME": "DROICHEADNUA",
        "gns:RC": "1",
        "gns:UFI": "-1504845",
        "gns:UNI": "417347",
        "gns:V:xx:FULL_NAME": "Newbridge",
        "gns:V:xx:FULL_NAME_ND": "Newbridge",
        "gns:V:xx:MODIFY_DATE": "1999-02-24",
        "gns:V:xx:NT": "V",
        "gns:V:xx:SORT_NAME": "NEWBRIDGE",
        "name": "Newbridge",
        "name:en": "Newbridge",
        "name:ga": "Droichead Nua",
        "note": "Experimental import of Irish places and POIs from GNS Dataset",
        "official_name": "Droichead Nua",
        "place": "town",
        "place_county": "Kildare",
        "population": "24366",
        "population:date": "2022-04-03",
        "source": "gns_ei",
        "source:population": "CSO 2022",
        "wikidata": "Q958397",
        "wikipedia": "en:Newbridge, County Kildare"
      },
      "geometry": {
        "type": "Point",
        "coordinates": [
          -6.7981931,
          53.1801492
        ]
      },
      "id": "node/52254526"
    },
    {
      "type": "Feature",
      "properties": {
        "@id": "node/52254574",
        "logainm:ref": "45226",
        "logainm:url": "https://www.logainm.ie/45226.aspx",
        "name": "Collooney",
        "name:en": "Collooney",
        "name:ga": "Cúil Mhuine",
        "name:ru": "Коллуни",
        "place": "town",
        "wikidata": "Q2436580"
      },
      "geometry": {
        "type": "Point",
        "coordinates": [
          -8.4924684,
          54.1836971
        ]
      },
      "id": "node/52254574"
    },
    {
      "type": "Feature",
      "properties": {
        "@id": "node/52254672",
        "gns:ADM1": "11",
        "gns:CC1": "EI",
        "gns:DMS_LAT": "521600",
        "gns:DMS_LONG": "-94300",
        "gns:DSG": "PPLA",
        "gns:FC": "P",
        "gns:JOG": "NN29-11",
        "gns:LAT": "52.266667",
        "gns:LONG": "-9.716667",
        "gns:MGRS": "29UMT5109490940",
        "gns:N:eng:FULL_NAME": "Tralee",
        "gns:N:eng:FULL_NAME_ND": "Tralee",
        "gns:N:eng:LC": "eng",
        "gns:N:eng:MODIFY_DATE": "2001-06-26",
        "gns:N:eng:NT": "N",
        "gns:N:eng:SORT_NAME": "TRALEE",
        "gns:N:gle:FULL_NAME": "Trá Lí",
        "gns:N:gle:FULL_NAME_ND": "Tra Li",
        "gns:N:gle:LC": "gle",
        "gns:N:gle:MODIFY_DATE": "2001-06-26",
        "gns:N:gle:NT": "N",
        "gns:N:gle:SORT_NAME": "TRALI",
        "gns:PC": "3",
        "gns:POP": "17200",
        "gns:RC": "1",
        "gns:UFI": "-1506015",
        "gns:UNI": "-2149268",
        "is_in": "County Kerry",
        "name": "Tralee",
        "name:en": "Tralee",
        "name:ga": "Trá Lí",
        "name:gd": "Tràigh Lì",
        "name:gv": "Traie Lee",
        "name:ru": "Трали",
        "note": "Experimental import of Irish places and POIs from GNS Dataset",
        "place": "town",
        "place_county": "Kerry",
        "population": "26079",
        "population:date": "2022-04-03",
        "source": "gns_ei",
        "source:population": "CSO 2022",
        "wikidata": "Q213358",
        "wikipedia": "en:Tralee"
      },
      "geometry": {
        "type": "Point",
        "coordinates": [
          -9.7057047,
          52.2692116
        ]
      },
      "id": "node/52254672"
    },
    {
      "type": "Feature",
      "properties": {
        "@id": "node/52255686",
        "gns:ADM1": "07",
        "gns:CC1": "EI",
        "gns:DMS_LAT": "531811",
        "gns:DMS_LONG": "-61059",
        "gns:DSG": "PPL",
        "gns:FC": "P",
        "gns:JOG": "NN29-09",
        "gns:LAT": "53.303056",
        "gns:LONG": "-6.183056",
        "gns:MGRS": "29UPV8769809685",
        "gns:N:xx:FULL_NAME": "Blackrock",
        "gns:N:xx:FULL_NAME_ND": "Blackrock",
        "gns:N:xx:MODIFY_DATE": "1999-02-24",
        "gns:N:xx:NT": "N",
        "gns:N:xx:SORT_NAME": "BLACKROCK",
        "gns:RC": "1",
        "gns:UFI": "-1500991",
        "gns:UNI": "-2142951",
        "is_in": "County Dublin",
        "is_in:country": "Ireland",
        "is_in:county": "Dublin",
        "name": "Blackrock",
        "name:en": "Blackrock",
        "name:ga": "An Charraig Dhubh",
        "note": "Experimental import of Irish places and POIs from GNS Dataset",
        "place": "town",
        "place_county": "Dublin",
        "source": "gns_ei",
        "website": "http://iloveblackrock.com",
        "wikidata": "Q2448591",
        "wikipedia": "en:Blackrock, Dublin"
      },
      "geometry": {
        "type": "Point",
        "coordinates": [
          -6.1788342,
          53.3018639
        ]
      },
      "id": "node/52255686"
    },
    {
      "type": "Feature",
      "properties": {
        "@id": "node/52255821",
        "alt_name": "Kiltamagh",
        "gns:ADM1": "20",
        "gns:CC1": "EI",
        "gns:DMS_LAT": "535100",
        "gns:DMS_LONG": "-90000",
        "gns:DSG": "PPL",
        "gns:FC": "P",
        "gns:JOG": "NN29-08",
        "gns:LAT": "53.85",
        "gns:LONG": "-9",
        "gns:MGRS": "29UNV0000066833",
        "gns:N:eng:FULL_NAME": "Kiltamagh",
        "gns:N:eng:FULL_NAME_ND": "Kiltamagh",
        "gns:N:eng:LC": "eng",
        "gns:N:eng:MODIFY_DATE": "1998-01-22",
        "gns:N:eng:NT": "N",
        "gns:N:eng:SORT_NAME": "KILTAMAGH",
        "gns:N:gle:FULL_NAME": "Coillte Mach",
        "gns:N:gle:FULL_NAME_ND": "Coillte Mach",
        "gns:N:gle:LC": "gle",
        "gns:N:gle:MODIFY_DATE": "1998-01-22",
        "gns:N:gle:NT": "N",
        "gns:N:gle:SORT_NAME": "COILLTEMACH",
        "gns:RC": "1",
        "gns:UFI": "-1503923",
        "gns:UNI": "448252",
        "gns:V:xx:FULL_NAME": "Kiltimagh",
        "gns:V:xx:FULL_NAME_ND": "Kiltimagh",
        "gns:V:xx:MODIFY_DATE": "1998-01-22",
        "gns:V:xx:NT": "V",
        "gns:V:xx:SORT_NAME": "KILTIMAGH",
        "name": "Kiltimagh",
        "name:en": "Kiltimagh",
        "name:ga": "Coillte Mách",
        "name:ru": "Килтама",
        "note": "Experimental import of Irish places and POIs from GNS Dataset",
        "place": "town",
        "place_county": "Mayo",
        "source": "gns_ei",
        "wikidata": "Q1741450",
        "wikipedia": "en:Kiltimagh"
      },
      "geometry": {
        "type": "Point",
        "coordinates": [
          -9,
          53.85
        ]
      },
      "id": "node/52255821"
    },
    {
      "type": "Feature",
      "properties": {
        "@id": "node/52255825",
        "gns:ADM1": "04",
        "gns:CC1": "EI",
        "gns:DMS_LAT": "520800",
        "gns:DMS_LONG": "-83800",
        "gns:DSG": "PPL",
        "gns:FC": "P",
        "gns:JOG": "NN29-11",
        "gns:LAT": "52.133333",
        "gns:LONG": "-8.633333",
        "gns:MGRS": "29UNT2509775931",
        "gns:N:eng:FULL_NAME": "Mallow",
        "gns:N:eng:FULL_NAME_ND": "Mallow",
        "gns:N:eng:LC": "eng",
        "gns:N:eng:MODIFY_DATE": "2001-06-26",
        "gns:N:eng:NT": "N",
        "gns:N:eng:SORT_NAME": "MALLOW",
        "gns:N:gle:FULL_NAME": "Mala",
        "gns:N:gle:FULL_NAME_ND": "Mala",
        "gns:N:gle:LC": "gle",
        "gns:N:gle:MODIFY_DATE": "2001-06-26",
        "gns:N:gle:NT": "N",
        "gns:N:gle:SORT_NAME": "MALA",
        "gns:PC": "4",
        "gns:POP": "6200",
        "gns:RC": "1",
        "gns:UFI": "-1504420",
        "gns:UNI": "217322",
        "is_in": "County Cork",
        "name": "Mallow",
        "name:en": "Mallow",
        "name:ga": "Mala",
        "name:ru": "Маллоу",
        "note": "Experimental import of Irish places and POIs from GNS Dataset",
        "place": "town",
        "place_county": "Cork",
        "population": "13456",
        "population:date": "2022-04-03",
        "source": "gns_ei",
        "source:population": "CSO 2022",
        "wikidata": "Q922247",
        "wikipedia": "en:Mallow, County Cork"
      },
      "geometry": {
        "type": "Point",
        "coordinates": [
          -8.6462922,
          52.1374642
        ]
      },
      "id": "node/52255825"
    },
    {
      "type": "Feature",
      "properties": {
        "@id": "node/52255878",
        "gns:ADM1": "10",
        "gns:CC1": "EI",
        "gns:DMS_LAT": "533100",
        "gns:DMS_LONG": "-85100",
        "gns:DSG": "PPL",
        "gns:FC": "P",
        "gns:JOG": "NN29-08",
        "gns:LAT": "53.516667",
        "gns:LONG": "-8.85",
        "gns:MGRS": "29UNV0994629758",
        "gns:N:eng:FULL_NAME": "Tuam",
        "gns:N:eng:FULL_NAME_ND": "Tuam",
        "gns:N:eng:LC": "eng",
        "gns:N:eng:MODIFY_DATE": "1998-01-22",
        "gns:N:eng:NT": "N",
        "gns:N:eng:SORT_NAME": "TUAM",
        "gns:N:gle:FULL_NAME": "Tuaim",
        "gns:N:gle:FULL_NAME_ND": "Tuaim",
        "gns:N:gle:LC": "gle",
        "gns:N:gle:MODIFY_DATE": "1998-01-22",
        "gns:N:gle:NT": "N",
        "gns:N:gle:SORT_NAME": "TUAIM",
        "gns:RC": "1",
        "gns:UFI": "-1506039",
        "gns:UNI": "448230",
        "is_in": "County Galway",
        "name": "Tuam",
        "name:en": "Tuam",
        "name:ga": "Tuaim",
        "name:ru": "Тьюам",
        "note": "Experimental import of Irish places and POIs from GNS Dataset",
        "place": "town",
        "place_county": "Galway",
        "source": "gns_ei",
        "wikidata": "Q996691",
        "wikipedia": "en:Tuam"
      },
      "geometry": {
        "type": "Point",
        "coordinates": [
          -8.8512875,
          53.5147915
        ]
      },
      "id": "node/52255878"
    },
    {
      "type": "Feature",
      "properties": {
        "@id": "node/52255911",
        "gns:ADM1": "20",
        "gns:CC1": "EI",
        "gns:DMS_LAT": "535300",
        "gns:DMS_LONG": "-93300",
        "gns:DSG": "PPL",
        "gns:FC": "P",
        "gns:JOG": "NN29-08",
        "gns:LAT": "53.883333",
        "gns:LONG": "-9.55",
        "gns:MGRS": "29UMV6384770682",
        "gns:N:eng:FULL_NAME": "Newport",
        "gns:N:eng:FULL_NAME_ND": "Newport",
        "gns:N:eng:LC": "eng",
        "gns:N:eng:MODIFY_DATE": "1997-10-03",
        "gns:N:eng:NT": "N",
        "gns:N:eng:SORT_NAME": "NEWPORT",
        "gns:N:gle:FULL_NAME": "Baile Uí Fhiacháin",
        "gns:N:gle:FULL_NAME_ND": "Baile Ui Fhiachain",
        "gns:N:gle:LC": "gle",
        "gns:N:gle:MODIFY_DATE": "1997-10-03",
        "gns:N:gle:NT": "N",
        "gns:N:gle:SORT_NAME": "BAILEUIFHIACHAIN",
        "gns:RC": "1",
        "gns:UFI": "-1504879",
        "gns:UNI": "416623",
        "gns:V:xx:FULL_NAME": "Newport Pratt",
        "gns:V:xx:FULL_NAME_ND": "Newport Pratt",
        "gns:V:xx:MODIFY_DATE": "1997-10-03",
        "gns:V:xx:NT": "V",
        "gns:V:xx:SORT_NAME": "NEWPORTPRATT",
        "name": "Newport",
        "name:en": "Newport",
        "name:ga": "Baile Uí Fhiacháin",
        "name:ru": "Ньюпорт",
        "note": "Experimental import of Irish places and POIs from GNS Dataset",
        "place": "town",
        "place_county": "Mayo",
        "source": "gns_ei"
      },
      "geometry": {
        "type": "Point",
        "coordinates": [
          -9.5466736,
          53.8848021
        ]
      },
      "id": "node/52255911"
    },
    {
      "type": "Feature",
      "properties": {
        "@id": "node/52256336",
        "is_in": "County Wexford",
        "name": "Enniscorthy",
        "name:en": "Enniscorthy",
        "name:ga": "Inis Córthaidh",
        "name:ru": "Эннискорти",
        "note": "Experimental import of Irish places and POIs from GNS Dataset",
        "place": "town",
        "place_county": "Wexford",
        "population": "12310",
        "population:date": "2022-04-03",
        "source": "gns_ei",
        "source:population": "CSO 2022",
        "wikidata": "Q987759",
        "wikipedia": "en:Enniscorthy"
      },
      "geometry": {
        "type": "Point",
        "coordinates": [
          -6.5674944,
          52.5011493
        ]
      },
      "id": "node/52256336"
    },
    {
      "type": "Feature",
      "properties": {
        "@id": "node/52256451",
        "is_in": "County Donegal",
        "is_in:country": "Ireland",
        "is_in:county": "Donegal",
        "name": "Carndonagh",
        "name:en": "Carndonagh",
        "name:ga": "Carn Domhnach",
        "name:ru": "Карндона",
        "note": "Experimental import of Irish places and POIs from GNS Dataset",
        "place": "town",
        "place_county": "Donegal",
        "source": "gns_ei",
        "wikidata": "Q1043934",
        "wikipedia": "en:Carndonagh"
      },
      "geometry": {
        "type": "Point",
        "coordinates": [
          -7.2612638,
          55.2515133
        ]
      },
      "id": "node/52256451"
    },
    {
      "type": "Feature",
      "properties": {
        "@id": "node/52256741",
        "gns:ADM1": "04",
        "gns:CC1": "EI",
        "gns:DMS_LAT": "514300",
        "gns:DMS_LONG": "-90700",
        "gns:DSG": "PPL",
        "gns:FC": "P",
        "gns:JOG": "NM29-02",
        "gns:LAT": "51.716667",
        "gns:LONG": "-9.116667",
        "gns:MGRS": "29UMT9194029532",
        "gns:N:eng:FULL_NAME": "Dunmanway",
        "gns:N:eng:FULL_NAME_ND": "Dunmanway",
        "gns:N:eng:LC": "eng",
        "gns:N:eng:MODIFY_DATE": "1997-10-22",
        "gns:N:eng:NT": "N",
        "gns:N:eng:SORT_NAME": "DUNMANWAY",
        "gns:N:gle:FULL_NAME": "Dún Mánmhaí",
        "gns:N:gle:FULL_NAME_ND": "Dun Manmhai",
        "gns:N:gle:LC": "gle",
        "gns:N:gle:MODIFY_DATE": "1997-10-22",
        "gns:N:gle:NT": "N",
        "gns:N:gle:SORT_NAME": "DUNMANMHAI",
        "gns:RC": "1",
        "gns:UFI": "-1502632",
        "gns:UNI": "420976",
        "is_in": "County Cork",
        "name": "Dunmanway",
        "name:en": "Dunmanway",
        "name:ga": "Dún Mánmhaí",
        "note": "Experimental import of Irish places and POIs from GNS Dataset",
        "place": "town",
        "place_county": "Cork",
        "population": "1964",
        "population:date": "2022-04-03",
        "source": "gns_ei",
        "source:population": "CSO 2022",
        "wikidata": "Q540869"
      },
      "geometry": {
        "type": "Point",
        "coordinates": [
          -9.1126898,
          51.7202004
        ]
      },
      "id": "node/52256741"
    },
    {
      "type": "Feature",
      "properties": {
        "@id": "node/52256776",
        "is_in": "County Clare",
        "name": "Kilkee",
        "name:en": "Kilkee",
        "name:ga": "Cill Chaoi",
        "name:ru": "Килки",
        "place": "town",
        "place_county": "Clare",
        "population": "1214",
        "population:date": "2022-04-03",
        "source:population": "CSO 2022",
        "wikidata": "Q1588602",
        "wikipedia": "en:Kilkee"
      },
      "geometry": {
        "type": "Point",
        "coordinates": [
          -9.644167,
          52.679167
        ]
      },
      "id": "node/52256776"
    },
    {
      "type": "Feature",
      "properties": {
        "@id": "node/52257053",
        "is_in": "County Limerick",
        "name": "Rathkeale",
        "name:en": "Rathkeale",
        "name:ga": "Ráth Caola",
        "name:ru": "Раткил",
        "place": "town",
        "place_county": "Limerick",
        "population": "1231",
        "population:date": "2022-04-03",
        "source": "gns_ei",
        "source:population": "CSO 2022",
        "wikidata": "Q1006749"
      },
      "geometry": {
        "type": "Point",
        "coordinates": [
          -8.9377374,
          52.5236119
        ]
      },
      "id": "node/52257053"
    },
    {
      "type": "Feature",
      "properties": {
        "@id": "node/52257127",
        "gns:ADM1": "21",
        "gns:CC1": "EI",
        "gns:DMS_LAT": "532506",
        "gns:DMS_LONG": "-65007",
        "gns:DSG": "PPL",
        "gns:FC": "P",
        "gns:JOG": "NN29-09",
        "gns:LAT": "53.418333",
        "gns:LONG": "-6.835278",
        "gns:MGRS": "29UPV4385720991",
        "gns:N:eng:FULL_NAME": "Innfield",
        "gns:N:eng:FULL_NAME_ND": "Innfield",
        "gns:N:eng:LC": "eng",
        "gns:N:eng:MODIFY_DATE": "1999-02-24",
        "gns:N:eng:NT": "N",
        "gns:N:eng:SORT_NAME": "INNFIELD",
        "gns:N:gle:FULL_NAME": "An Bóthar Buí",
        "gns:N:gle:FULL_NAME_ND": "An Bothar Bui",
        "gns:N:gle:LC": "gle",
        "gns:N:gle:MODIFY_DATE": "1999-02-24",
        "gns:N:gle:NT": "N",
        "gns:N:gle:SORT_NAME": "ANBOTHARBUI",
        "gns:RC": "1",
        "gns:UFI": "-1502721",
        "gns:UNI": "417411",
        "gns:V:xx:FULL_NAME": "Enfield",
        "gns:V:xx:FULL_NAME_ND": "Enfield",
        "gns:V:xx:MODIFY_DATE": "1999-02-24",
        "gns:V:xx:NT": "V",
        "gns:V:xx:SORT_NAME": "ENFIELD",
        "is_in": "County Meath",
        "is_in:country": "Ireland",
        "is_in:county": "Meath",
        "logainm:ref": "1165553",
        "logainm:url": "https://www.logainm.ie/1165553.aspx",
        "name": "Enfield",
        "name:en": "Enfield",
        "name:ga": "An Bóthar Buí",
        "name:ru": "Энфилд",
        "note": "Experimental import of Irish places and POIs from GNS Dataset",
        "official_name": "Innfield",
        "place": "town",
        "place_county": "Meath",
        "source": "gns_ei",
        "website": "https://www.enfieldonline.net/",
        "wikidata": "Q392078"
      },
      "geometry": {
        "type": "Point",
        "coordinates": [
          -6.8290575,
          53.4141315
        ]
      },
      "id": "node/52257127"
    },
    {
      "type": "Feature",
      "properties": {
        "@id": "node/52257395",
        "created_by": "JOSM",
        "gns:ADM1": "26",
        "gns:CC1": "EI",
        "gns:DMS_LAT": "525943",
        "gns:DMS_LONG": "-80741",
        "gns:DSG": "PPL",
        "gns:FC": "P",
        "gns:JOG": "NN29-11",
        "gns:LAT": "52.995278",
        "gns:LONG": "-8.128056",
        "gns:MGRS": "29UNU5852272101",
        "gns:N:eng:FULL_NAME": "Borrisokane",
        "gns:N:eng:FULL_NAME_ND": "Borrisokane",
        "gns:N:eng:LC": "eng",
        "gns:N:eng:MODIFY_DATE": "1998-08-18",
        "gns:N:eng:NT": "N",
        "gns:N:eng:SORT_NAME": "BORRISOKANE",
        "gns:N:gle:FULL_NAME": "Buiríos Uí Chéin",
        "gns:N:gle:FULL_NAME_ND": "Buirios Ui Chein",
        "gns:N:gle:LC": "gle",
        "gns:N:gle:MODIFY_DATE": "1998-08-18",
        "gns:N:gle:NT": "N",
        "gns:N:gle:SORT_NAME": "BUIRIOSUICHEIN",
        "gns:RC": "1",
        "gns:UFI": "-1501069",
        "gns:UNI": "447491",
        "is_in": "County Tipperary",
        "name": "Borrisokane",
        "name:en": "Borrisokane",
        "name:ga": "Buiríos Uí Chéin",
        "name:ru": "Боррисокан",
        "note": "Experimental import of Irish places and POIs from GNS Dataset",
        "place": "town",
        "place_county": "Tipperary",
        "source": "gns_ei"
      },
      "geometry": {
        "type": "Point",
        "coordinates": [
          -8.1274832,
          52.9951117
        ]
      },
      "id": "node/52257395"
    },
    {
      "type": "Feature",
      "properties": {
        "@id": "node/52257639",
        "gns:ADM1": "15",
        "gns:CC1": "EI",
        "gns:DMS_LAT": "525117",
        "gns:DMS_LONG": "-73449",
        "gns:DSG": "PPL",
        "gns:FC": "P",
        "gns:JOG": "NN29-12",
        "gns:LAT": "52.854722",
        "gns:LONG": "-7.580278",
        "gns:MGRS": "29UNU9559557054",
        "gns:N:eng:FULL_NAME": "Rathdowney",
        "gns:N:eng:FULL_NAME_ND": "Rathdowney",
        "gns:N:eng:LC": "eng",
        "gns:N:eng:MODIFY_DATE": "1998-03-23",
        "gns:N:eng:NT": "N",
        "gns:N:eng:SORT_NAME": "RATHDOWNEY",
        "gns:N:gle:FULL_NAME": "Ráth Domhnaigh",
        "gns:N:gle:FULL_NAME_ND": "Rath Domhnaigh",
        "gns:N:gle:LC": "gle",
        "gns:N:gle:MODIFY_DATE": "1998-03-23",
        "gns:N:gle:NT": "N",
        "gns:N:gle:SORT_NAME": "RATHDOMHNAIGH",
        "gns:RC": "1",
        "gns:UFI": "-1505215",
        "gns:UNI": "431255",
        "is_in": "County Laois",
        "name": "Rathdowney",
        "name:en": "Rathdowney",
        "name:ga": "Ráth Domhnaigh",
        "note": "Experimental import of Irish places and POIs from GNS Dataset",
        "place": "town",
        "place_county": "Laois",
        "source": "gns_ei",
        "wikidata": "Q2566185",
        "wikipedia": "en:Rathdowney"
      },
      "geometry": {
        "type": "Point",
        "coordinates": [
          -7.5838016,
          52.855426
        ]
      },
      "id": "node/52257639"
    },
    {
      "type": "Feature",
      "properties": {
        "@id": "node/52257739",
        "name": "Ballyhaunis",
        "name:en": "Ballyhaunis",
        "name:ga": "Béal Átha hAmhnais",
        "name:ru": "Баллихонис",
        "place": "town",
        "population": "2773",
        "population:date": "2022-04-03",
        "source:population": "CSO 2022",
        "wikidata": "Q427043",
        "wikipedia": "en:Ballyhaunis"
      },
      "geometry": {
        "type": "Point",
        "coordinates": [
          -8.7651532,
          53.7633588
        ]
      },
      "id": "node/52257739"
    },
    {
      "type": "Feature",
      "properties": {
        "@id": "node/52257897",
        "alt_name:ga": "Beannchar na Sionna",
        "gns:ADM1": "23",
        "gns:CC1": "EI",
        "gns:DMS_LAT": "531119",
        "gns:DMS_LONG": "-75912",
        "gns:DSG": "PPL",
        "gns:FC": "P",
        "gns:JOG": "NN29-09",
        "gns:LAT": "53.188611",
        "gns:LONG": "-7.986667",
        "gns:MGRS": "29UNU6770793732",
        "gns:N:eng:FULL_NAME": "Banagher",
        "gns:N:eng:FULL_NAME_ND": "Banagher",
        "gns:N:eng:LC": "eng",
        "gns:N:eng:MODIFY_DATE": "1998-08-18",
        "gns:N:eng:NT": "N",
        "gns:N:eng:SORT_NAME": "BANAGHER",
        "gns:N:gle:FULL_NAME": "Beannchar",
        "gns:N:gle:FULL_NAME_ND": "Beannchar",
        "gns:N:gle:LC": "gle",
        "gns:N:gle:MODIFY_DATE": "1998-08-18",
        "gns:N:gle:NT": "N",
        "gns:N:gle:SORT_NAME": "BEANNCHAR",
        "gns:RC": "1",
        "gns:UFI": "-1500748",
        "gns:UNI": "447532",
        "is_in": "County Offaly",
        "logainm:ref": "41153",
        "logainm:url": "https://www.logainm.ie/41153.aspx",
        "name": "Banagher",
        "name:en": "Banagher",
        "name:ga": "Beannchar",
        "name:ru": "Банахер",
        "note": "Experimental import of Irish places and POIs from GNS Dataset",
        "place": "town",
        "place_county": "Offaly",
        "source": "gns_ei",
        "website": "https://banagher.ie/",
        "wikidata": "Q2282869",
        "wikipedia": "en:Banagher"
      },
      "geometry": {
        "type": "Point",
        "coordinates": [
          -7.9868525,
          53.1898776
        ]
      },
      "id": "node/52257897"
    },
    {
      "type": "Feature",
      "properties": {
        "@id": "node/52257990",
        "gns:ADM1": "29",
        "gns:CC1": "EI",
        "gns:DMS_LAT": "532338",
        "gns:DMS_LONG": "-74302",
        "gns:DSG": "PPL",
        "gns:FC": "P",
        "gns:JOG": "NN29-09",
        "gns:LAT": "53.393889",
        "gns:LONG": "-7.717222",
        "gns:MGRS": "29UNV8530016855",
        "gns:N:eng:FULL_NAME": "Moate",
        "gns:N:eng:FULL_NAME_ND": "Moate",
        "gns:N:eng:LC": "eng",
        "gns:N:eng:MODIFY_DATE": "1998-08-18",
        "gns:N:eng:NT": "N",
        "gns:N:eng:SORT_NAME": "MOATE",
        "gns:N:gle:FULL_NAME": "An Móta",
        "gns:N:gle:FULL_NAME_ND": "An Mota",
        "gns:N:gle:LC": "gle",
        "gns:N:gle:MODIFY_DATE": "1998-08-18",
        "gns:N:gle:NT": "N",
        "gns:N:gle:SORT_NAME": "ANMOTA",
        "gns:RC": "1",
        "gns:UFI": "405512",
        "gns:UNI": "507704",
        "is_in": "County Westmeath",
        "name": "Moate",
        "name:en": "Moate",
        "name:ga": "An Móta",
        "name:ru": "Моут",
        "note": "Experimental import of Irish places and POIs from GNS Dataset",
        "place": "town",
        "place_county": "Westmeath",
        "population": "3013",
        "population:date": "2022-04-03",
        "source": "gns_ei",
        "source:population": "CSO 2022",
        "wikidata": "Q1972395",
        "wikipedia": "en:Moate"
      },
      "geometry": {
        "type": "Point",
        "coordinates": [
          -7.7240549,
          53.3962015
        ]
      },
      "id": "node/52257990"
    },
    {
      "type": "Feature",
      "properties": {
        "@id": "node/52258259",
        "gns:ADM1": "02",
        "gns:CC1": "EI",
        "gns:DMS_LAT": "540700",
        "gns:DMS_LONG": "-73500",
        "gns:DSG": "PPL",
        "gns:FC": "P",
        "gns:JOG": "NN29-06",
        "gns:LAT": "54.116667",
        "gns:LONG": "-7.583333",
        "gns:MGRS": "29UNV9259997430",
        "gns:N:eng:FULL_NAME": "Ballyconnell",
        "gns:N:eng:FULL_NAME_ND": "Ballyconnell",
        "gns:N:eng:LC": "eng",
        "gns:N:eng:MODIFY_DATE": "1998-02-13",
        "gns:N:eng:NT": "N",
        "gns:N:eng:SORT_NAME": "BALLYCONNELL",
        "gns:N:gle:FULL_NAME": "Béal Átha Conaill",
        "gns:N:gle:FULL_NAME_ND": "Beal Atha Conaill",
        "gns:N:gle:LC": "gle",
        "gns:N:gle:MODIFY_DATE": "1998-02-13",
        "gns:N:gle:NT": "N",
        "gns:N:gle:SORT_NAME": "BEALATHACONAILL",
        "gns:RC": "1",
        "gns:UFI": "-1500481",
        "gns:UNI": "452574",
        "name": "Ballyconnell",
        "name:en": "Ballyconnell",
        "name:ga": "Béal Átha Conaill",
        "note": "Experimental import of Irish places and POIs from GNS Dataset",
        "place": "town",
        "place_county": "Cavan",
        "source": "gns_ei",
        "wikidata": "Q252031"
      },
      "geometry": {
        "type": "Point",
        "coordinates": [
          -7.583333,
          54.116667
        ]
      },
      "id": "node/52258259"
    },
    {
      "type": "Feature",
      "properties": {
        "@id": "node/52258471",
        "is_in": "County Meath",
        "name": "Trim",
        "name:en": "Trim",
        "name:ga": "Baile Átha Troim",
        "name:ru": "Трим",
        "place": "town",
        "place_county": "Meath",
        "population": "9563",
        "population:date": "2022-04-03",
        "source:population": "CSO 2022",
        "wikidata": "Q1012496",
        "wikipedia": "en:Trim, County Meath"
      },
      "geometry": {
        "type": "Point",
        "coordinates": [
          -6.7925109,
          53.5556419
        ]
      },
      "id": "node/52258471"
    },
    {
      "type": "Feature",
      "properties": {
        "@id": "node/52258561",
        "is_in": "County Limerick",
        "name": "Askeaton",
        "name:en": "Askeaton",
        "name:ga": "Eas Géitine",
        "name:ru": "Аскитон",
        "note": "Experimental import of Irish places and POIs from GNS Dataset",
        "place": "town",
        "place_county": "Limerick",
        "source": "gns_ei",
        "wikidata": "Q573460",
        "wikipedia": "en:Askeaton"
      },
      "geometry": {
        "type": "Point",
        "coordinates": [
          -8.975556,
          52.599722
        ]
      },
      "id": "node/52258561"
    },
    {
      "type": "Feature",
      "properties": {
        "@id": "node/52258788",
        "gns:ADM1": "04",
        "gns:CC1": "EI",
        "gns:DMS_LAT": "520041",
        "gns:DMS_LONG": "-82039",
        "gns:DSG": "PPL",
        "gns:FC": "P",
        "gns:JOG": "NN29-11",
        "gns:LAT": "52.011389",
        "gns:LONG": "-8.344167",
        "gns:MGRS": "29UNT4501262508",
        "gns:N:eng:FULL_NAME": "Watergrasshill",
        "gns:N:eng:FULL_NAME_ND": "Watergrasshill",
        "gns:N:eng:LC": "eng",
        "gns:N:eng:MODIFY_DATE": "1997-12-15",
        "gns:N:eng:NT": "N",
        "gns:N:eng:SORT_NAME": "WATERGRASSHILL",
        "gns:N:gle:FULL_NAME": "Cnocán na Biolraí",
        "gns:N:gle:FULL_NAME_ND": "Cnocan na Biolrai",
        "gns:N:gle:LC": "gle",
        "gns:N:gle:MODIFY_DATE": "1997-12-15",
        "gns:N:gle:NT": "N",
        "gns:N:gle:SORT_NAME": "CNOCANNABIOLRAI",
        "gns:RC": "1",
        "gns:UFI": "-1506153",
        "gns:UNI": "415454",
        "is_in": "County Cork",
        "logainm:ref": "1414056",
        "logainm:url": "https://www.logainm.ie/1414056.aspx",
        "name": "Watergrasshill",
        "name:en": "Watergrasshill",
        "name:ga": "Cnocán na Biolraí",
        "name:ru": "Уотерграсхилл",
        "note": "Experimental import of Irish places and POIs from GNS Dataset",
        "place": "town",
        "place_county": "Cork",
        "population": "1840",
        "population:date": "2022-04-03",
        "source": "gns_ei",
        "source:population": "CSO 2022",
        "wikidata": "Q3776348",
        "wikipedia": "en:Watergrasshill"
      },
      "geometry": {
        "type": "Point",
        "coordinates": [
          -8.3436011,
          52.0115606
        ]
      },
      "id": "node/52258788"
    },
    {
      "type": "Feature",
      "properties": {
        "@id": "node/52258794",
        "created_by": "JOSM",
        "gns:ADM1": "23",
        "gns:CC1": "EI",
        "gns:DMS_LAT": "531610",
        "gns:DMS_LONG": "-74937",
        "gns:DSG": "PPL",
        "gns:FC": "P",
        "gns:JOG": "NN29-09",
        "gns:LAT": "53.269444",
        "gns:LONG": "-7.826944",
        "gns:MGRS": "29UNV7823202887",
        "gns:N:eng:FULL_NAME": "Ferbane",
        "gns:N:eng:FULL_NAME_ND": "Ferbane",
        "gns:N:eng:LC": "eng",
        "gns:N:eng:MODIFY_DATE": "1998-08-18",
        "gns:N:eng:NT": "N",
        "gns:N:eng:SORT_NAME": "FERBANE",
        "gns:N:gle:FULL_NAME": "An Féar Bán",
        "gns:N:gle:FULL_NAME_ND": "An Fear Ban",
        "gns:N:gle:LC": "gle",
        "gns:N:gle:MODIFY_DATE": "1998-08-18",
        "gns:N:gle:NT": "N",
        "gns:N:gle:SORT_NAME": "ANFEARBAN",
        "gns:RC": "1",
        "gns:UFI": "-1502807",
        "gns:UNI": "447548",
        "is_in": "County Offaly",
        "name": "Ferbane",
        "name:en": "Ferbane",
        "name:ga": "An Féar Bán",
        "note": "Experimental import of Irish places and POIs from GNS Dataset",
        "place": "town",
        "place_county": "Offaly",
        "source": "gns_ei"
      },
      "geometry": {
        "type": "Point",
        "coordinates": [
          -7.8277732,
          53.2715862
        ]
      },
      "id": "node/52258794"
    },
    {
      "type": "Feature",
      "properties": {
        "@id": "node/52258820",
        "gns:ADM1": "10",
        "gns:CC1": "EI",
        "gns:DMS_LAT": "531939",
        "gns:DMS_LONG": "-81310",
        "gns:DSG": "PPL",
        "gns:FC": "P",
        "gns:JOG": "NN29-08",
        "gns:LAT": "53.3275",
        "gns:LONG": "-8.219444",
        "gns:MGRS": "29UNV5198608987",
        "gns:N:eng:FULL_NAME": "Ballinasloe",
        "gns:N:eng:FULL_NAME_ND": "Ballinasloe",
        "gns:N:eng:LC": "eng",
        "gns:N:eng:MODIFY_DATE": "2001-06-26",
        "gns:N:eng:NT": "N",
        "gns:N:eng:SORT_NAME": "BALLINASLOE",
        "gns:N:gle:FULL_NAME": "Béal Átha na Sluaighe",
        "gns:N:gle:FULL_NAME_ND": "Beal Atha na Sluaighe",
        "gns:N:gle:LC": "gle",
        "gns:N:gle:MODIFY_DATE": "2001-06-26",
        "gns:N:gle:NT": "N",
        "gns:N:gle:SORT_NAME": "BEALATHANASLUAIGHE",
        "gns:PC": "4",
        "gns:POP": "5800",
        "gns:RC": "1",
        "gns:UFI": "-1500366",
        "gns:UNI": "-2142126",
        "is_in:country_code": "IE",
        "is_in:county": "Galway",
        "name": "Ballinasloe",
        "name:en": "Ballinasloe",
        "name:ga": "Béal Átha na Sluaighe",
        "name:ru": "Баллинасло",
        "name:sr": "Балинасло",
        "note": "Experimental import of Irish places and POIs from GNS Dataset",
        "place": "town",
        "place_county": "Galway",
        "population": "6597",
        "population:date": "2022-04-03",
        "source": "gns_ei",
        "source:population": "CSO 2022",
        "wikidata": "Q618056",
        "wikipedia": "en:Ballinasloe"
      },
      "geometry": {
        "type": "Point",
        "coordinates": [
          -8.221376,
          53.3302722
        ]
      },
      "id": "node/52258820"
    },
    {
      "type": "Feature",
      "properties": {
        "@id": "node/52258981",
        "gns:ADM1": "29",
        "gns:CC1": "EI",
        "gns:DMS_LAT": "533638",
        "gns:DMS_LONG": "-70533",
        "gns:DSG": "PPL",
        "gns:FC": "P",
        "gns:JOG": "NN29-09",
        "gns:LAT": "53.610556",
        "gns:LONG": "-7.0925",
        "gns:MGRS": "29UPV2619341885",
        "gns:N:eng:FULL_NAME": "Delvin",
        "gns:N:eng:FULL_NAME_ND": "Delvin",
        "gns:N:eng:LC": "eng",
        "gns:N:eng:MODIFY_DATE": "1999-03-22",
        "gns:N:eng:NT": "N",
        "gns:N:eng:SORT_NAME": "DELVIN",
        "gns:N:gle:FULL_NAME": "Dealbhna",
        "gns:N:gle:FULL_NAME_ND": "Dealbhna",
        "gns:N:gle:LC": "gle",
        "gns:N:gle:MODIFY_DATE": "1999-03-22",
        "gns:N:gle:NT": "N",
        "gns:N:gle:SORT_NAME": "DEALBHNA",
        "gns:RC": "1",
        "gns:UFI": "-1502281",
        "gns:UNI": "450707",
        "is_in": "County Westmeath",
        "name": "Delvin",
        "name:en": "Delvin",
        "name:ga": "Dealbhna",
        "note": "Experimental import of Irish places and POIs from GNS Dataset",
        "place": "town",
        "place_county": "Westmeath",
        "source": "gns_ei",
        "wikidata": "Q1185064",
        "wikipedia": "en:Delvin"
      },
      "geometry": {
        "type": "Point",
        "coordinates": [
          -7.0922919,
          53.6119879
        ]
      },
      "id": "node/52258981"
    },
    {
      "type": "Feature",
      "properties": {
        "@id": "node/52259498",
        "gns:ADM1": "04",
        "gns:CC1": "EI",
        "gns:DMS_LAT": "520400",
        "gns:DMS_LONG": "-90400",
        "gns:DSG": "PPL",
        "gns:FC": "P",
        "gns:JOG": "NN29-11",
        "gns:LAT": "52.066667",
        "gns:LONG": "-9.066667",
        "gns:MGRS": "29UMT9543068455",
        "gns:N:eng:FULL_NAME": "Millstreet",
        "gns:N:eng:FULL_NAME_ND": "Millstreet",
        "gns:N:eng:LC": "eng",
        "gns:N:eng:MODIFY_DATE": "1997-10-03",
        "gns:N:eng:NT": "N",
        "gns:N:eng:SORT_NAME": "MILLSTREET",
        "gns:N:gle:FULL_NAME": "Sráid an Mhuilinn",
        "gns:N:gle:FULL_NAME_ND": "Sraid an Mhuilinn",
        "gns:N:gle:LC": "gle",
        "gns:N:gle:MODIFY_DATE": "1997-10-03",
        "gns:N:gle:NT": "N",
        "gns:N:gle:SORT_NAME": "SRAIDANMHUILINN",
        "gns:RC": "1",
        "gns:UFI": "-1504521",
        "gns:UNI": "413774",
        "is_in": "County Cork",
        "name": "Millstreet",
        "name:en": "Millstreet",
        "name:ga": "Sráid an Mhuilinn",
        "name:ru": "Милстрит",
        "note": "Experimental import of Irish places and POIs from GNS Dataset",
        "note:population": "2011 census",
        "place": "town",
        "place_county": "Cork",
        "population": "1722",
        "population:date": "2022-04-03",
        "source": "gns_ei",
        "source:population": "CSO 2022",
        "wikidata": "Q659655",
        "wikipedia": "en:Millstreet"
      },
      "geometry": {
        "type": "Point",
        "coordinates": [
          -9.0640113,
          52.060231
        ]
      },
      "id": "node/52259498"
    },
    {
      "type": "Feature",
      "properties": {
        "@id": "node/52259518",
        "is_in": "County Louth",
        "name": "Ardee",
        "name:en": "Ardee",
        "name:ga": "Baile Átha Fhirdhia",
        "name:ru": "Арди",
        "name:sr": "Арди",
        "note": "Experimental import of Irish places and POIs from GNS Dataset",
        "place": "town",
        "place_county": "Louth",
        "source": "gns_ei",
        "wikidata": "Q638781",
        "wikipedia": "en:Ardee"
      },
      "geometry": {
        "type": "Point",
        "coordinates": [
          -6.5389138,
          53.8553092
        ]
      },
      "id": "node/52259518"
    },
    {
      "type": "Feature",
      "properties": {
        "@id": "node/52259573",
        "alt_name": "Newtownforbes",
        "ele": "60",
        "name": "Newtown Forbes",
        "name:en": "Newtown Forbes",
        "name:ga": "An Lios Breac",
        "old_name": "Lisbrack",
        "old_name:ga": "Lisbreac",
        "place": "town",
        "population": "851"
      },
      "geometry": {
        "type": "Point",
        "coordinates": [
          -7.8348458,
          53.7667448
        ]
      },
      "id": "node/52259573"
    },
    {
      "type": "Feature",
      "properties": {
        "@id": "node/52259672",
        "created_by": "JOSM",
        "gns:ADM1": "26",
        "gns:CC1": "EI",
        "gns:DMS_LAT": "523406",
        "gns:DMS_LONG": "-74017",
        "gns:DSG": "PPL",
        "gns:FC": "P",
        "gns:JOG": "NN29-12",
        "gns:LAT": "52.568333",
        "gns:LONG": "-7.671389",
        "gns:MGRS": "29UNU9004825082",
        "gns:N:eng:FULL_NAME": "Killenaule",
        "gns:N:eng:FULL_NAME_ND": "Killenaule",
        "gns:N:eng:LC": "eng",
        "gns:N:eng:MODIFY_DATE": "1998-03-23",
        "gns:N:eng:NT": "N",
        "gns:N:eng:SORT_NAME": "KILLENAULE",
        "gns:N:gle:FULL_NAME": "Cill Náile",
        "gns:N:gle:FULL_NAME_ND": "Cill Naile",
        "gns:N:gle:LC": "gle",
        "gns:N:gle:MODIFY_DATE": "1998-03-23",
        "gns:N:gle:NT": "N",
        "gns:N:gle:SORT_NAME": "CILLNAILE",
        "gns:RC": "1",
        "gns:UFI": "-1503793",
        "gns:UNI": "430489",
        "is_in": "County Tipperary",
        "name": "Killenaule",
        "name:en": "Killenaule",
        "name:ga": "Cill Náile",
        "name:ru": "Килленол",
        "note": "Experimental import of Irish places and POIs from GNS Dataset",
        "place": "town",
        "place_county": "Tipperary",
        "source": "gns_ei"
      },
      "geometry": {
        "type": "Point",
        "coordinates": [
          -7.6731438,
          52.5682093
        ]
      },
      "id": "node/52259672"
    },
    {
      "type": "Feature",
      "properties": {
        "@id": "node/52259724",
        "gns:ADM1": "11",
        "gns:CC1": "EI",
        "gns:DMS_LAT": "515300",
        "gns:DMS_LONG": "-93500",
        "gns:DSG": "PPL",
        "gns:FC": "P",
        "gns:JOG": "NM29-02",
        "gns:LAT": "51.883333",
        "gns:LONG": "-9.583333",
        "gns:MGRS": "29UMT5985048223",
        "gns:N:eng:FULL_NAME": "Kenmare",
        "gns:N:eng:FULL_NAME_ND": "Kenmare",
        "gns:N:eng:LC": "eng",
        "gns:N:eng:MODIFY_DATE": "1997-10-03",
        "gns:N:eng:NT": "N",
        "gns:N:eng:SORT_NAME": "KENMARE",
        "gns:N:gle:FULL_NAME": "Neidin",
        "gns:N:gle:FULL_NAME_ND": "Neidin",
        "gns:N:gle:LC": "gle",
        "gns:N:gle:MODIFY_DATE": "1997-10-03",
        "gns:N:gle:NT": "N",
        "gns:N:gle:SORT_NAME": "NEIDIN",
        "gns:RC": "1",
        "gns:UFI": "-1503608",
        "gns:UNI": "413317",
        "gns:V:xx:FULL_NAME": "Kevmare",
        "gns:V:xx:FULL_NAME_ND": "Kevmare",
        "gns:V:xx:MODIFY_DATE": "1997-10-03",
        "gns:V:xx:NT": "V",
        "gns:V:xx:SORT_NAME": "KEVMARE",
        "is_in": "County Kerry",
        "name": "Kenmare",
        "name:br": "An Neidín",
        "name:en": "Kenmare",
        "name:ga": "Neidín",
        "name:ru": "Кенмэр",
        "note": "Experimental import of Irish places and POIs from GNS Dataset",
        "place": "town",
        "place_county": "Kerry",
        "source": "gns_ei",
        "source:name:br": "proper translation",
        "wikidata": "Q166232"
      },
      "geometry": {
        "type": "Point",
        "coordinates": [
          -9.583952,
          51.8791008
        ]
      },
      "id": "node/52259724"
    },
    {
      "type": "Feature",
      "properties": {
        "@id": "node/52259860",
        "gns:ADM1": "04",
        "gns:CC1": "EI",
        "gns:DMS_LAT": "514227",
        "gns:DMS_LONG": "-83150",
        "gns:DSG": "PPL",
        "gns:FC": "P",
        "gns:JOG": "NM29-03",
        "gns:LAT": "51.7075",
        "gns:LONG": "-8.530556",
        "gns:MGRS": "29UNT3243728611",
        "gns:N:eng:FULL_NAME": "Kinsale",
        "gns:N:eng:FULL_NAME_ND": "Kinsale",
        "gns:N:eng:LC": "eng",
        "gns:N:eng:MODIFY_DATE": "2001-06-26",
        "gns:N:eng:NT": "N",
        "gns:N:eng:SORT_NAME": "KINSALE",
        "gns:N:gle:FULL_NAME": "Cionn tSáile",
        "gns:N:gle:FULL_NAME_ND": "Cionn tSaile",
        "gns:N:gle:LC": "gle",
        "gns:N:gle:MODIFY_DATE": "2001-06-26",
        "gns:N:gle:NT": "N",
        "gns:N:gle:SORT_NAME": "CIONNTSAILE",
        "gns:POP": "1800",
        "gns:RC": "1",
        "gns:UFI": "-1503976",
        "gns:UNI": "216590",
        "name": "Kinsale",
        "name:en": "Kinsale",
        "name:ga": "Cionn tSáile",
        "name:ru": "Кинсейл",
        "note": "Experimental import of Irish places and POIs from GNS Dataset",
        "place": "town",
        "place_county": "Cork",
        "population": "1800",
        "source": "gns_ei",
        "wikidata": "Q840681",
        "wikipedia": "en:Kinsale"
      },
      "geometry": {
        "type": "Point",
        "coordinates": [
          -8.5229823,
          51.705737
        ]
      },
      "id": "node/52259860"
    },
    {
      "type": "Feature",
      "properties": {
        "@id": "node/52259966",
        "gns:ADM1": "26",
        "gns:CC1": "EI",
        "gns:DMS_LAT": "522824",
        "gns:DMS_LONG": "-80921",
        "gns:DSG": "PPL",
        "gns:FC": "P",
        "gns:JOG": "NN29-11",
        "gns:LAT": "52.473333",
        "gns:LONG": "-8.155833",
        "gns:MGRS": "29UNU5733914021",
        "gns:N:eng:FULL_NAME": "Tipperary",
        "gns:N:eng:FULL_NAME_ND": "Tipperary",
        "gns:N:eng:LC": "eng",
        "gns:N:eng:MODIFY_DATE": "2001-06-26",
        "gns:N:eng:NT": "N",
        "gns:N:eng:SORT_NAME": "TIPPERARY",
        "gns:N:gle:FULL_NAME": "Tiobraid Árann",
        "gns:N:gle:FULL_NAME_ND": "Tiobraid Arann",
        "gns:N:gle:LC": "gle",
        "gns:N:gle:MODIFY_DATE": "2001-06-26",
        "gns:N:gle:NT": "N",
        "gns:N:gle:SORT_NAME": "TIOBRAIDARANN",
        "gns:PC": "4",
        "gns:POP": "4800",
        "gns:RC": "1",
        "gns:UFI": "-1505946",
        "gns:UNI": "-2149186",
        "is_in": "County Tipperary",
        "name": "Tipperary",
        "name:en": "Tipperary",
        "name:ga": "Tiobraid Árann",
        "name:ru": "Типперэри",
        "name:sk": "Tipperary",
        "note": "Experimental import of Irish places and POIs from GNS Dataset",
        "place": "town",
        "place_county": "Tipperary",
        "population": "5387",
        "population:date": "2022-04-03",
        "source": "gns_ei",
        "source:population": "CSO 2022",
        "wikidata": "Q680220",
        "wikipedia": "en:Tipperary (town)"
      },
      "geometry": {
        "type": "Point",
        "coordinates": [
          -8.1614446,
          52.4734839
        ]
      },
      "id": "node/52259966"
    },
    {
      "type": "Feature",
      "properties": {
        "@id": "node/52259985",
        "name": "Callan",
        "name:en": "Callan",
        "name:ga": "Callain",
        "name:ru": "Каллан",
        "place": "town",
        "source": "gns_ei",
        "wikidata": "Q1027150",
        "wikipedia": "en:Callan, County Kilkenny"
      },
      "geometry": {
        "type": "Point",
        "coordinates": [
          -7.3900941,
          52.5445861
        ]
      },
      "id": "node/52259985"
    },
    {
      "type": "Feature",
      "properties": {
        "@id": "node/52260397",
        "gns:ADM1": "15",
        "gns:CC1": "EI",
        "gns:DMS_LAT": "530649",
        "gns:DMS_LONG": "-71912",
        "gns:DSG": "PPL",
        "gns:FC": "P",
        "gns:JOG": "NN29-09",
        "gns:LAT": "53.113611",
        "gns:LONG": "-7.32",
        "gns:MGRS": "29UPU1244586228",
        "gns:N:eng:FULL_NAME": "Mountmellick",
        "gns:N:eng:FULL_NAME_ND": "Mountmellick",
        "gns:N:eng:LC": "eng",
        "gns:N:eng:MODIFY_DATE": "1998-08-18",
        "gns:N:eng:NT": "N",
        "gns:N:eng:SORT_NAME": "MOUNTMELLICK",
        "gns:N:gle:FULL_NAME": "Móinteach Mílic",
        "gns:N:gle:FULL_NAME_ND": "Mointeach Milic",
        "gns:N:gle:LC": "gle",
        "gns:N:gle:MODIFY_DATE": "1998-08-18",
        "gns:N:gle:NT": "N",
        "gns:N:gle:SORT_NAME": "MOINTEACHMILIC",
        "gns:RC": "1",
        "gns:UFI": "-1504658",
        "gns:UNI": "447520",
        "is_in": "County Laois",
        "name": "Mountmellick",
        "name:en": "Mountmellick",
        "name:ga": "Móinteach Mílic",
        "name:ru": "Маунтмеллик",
        "note": "Experimental import of Irish places and POIs from GNS Dataset",
        "place": "town",
        "place_county": "Laois",
        "population": "4905",
        "population:date": "2022-04-03",
        "source": "gns_ei",
        "source:population": "CSO 2022",
        "wikidata": "Q2014190",
        "wikipedia": "en:Mountmellick"
      },
      "geometry": {
        "type": "Point",
        "coordinates": [
          -7.3251863,
          53.1175082
        ]
      },
      "id": "node/52260397"
    },
    {
      "type": "Feature",
      "properties": {
        "@id": "node/52260406",
        "gns:ADM1": "20",
        "gns:CC1": "EI",
        "gns:DMS_LAT": "535900",
        "gns:DMS_LONG": "-90700",
        "gns:DSG": "PPL",
        "gns:FC": "P",
        "gns:JOG": "NN29-08",
        "gns:LAT": "53.983333",
        "gns:LONG": "-9.116667",
        "gns:MGRS": "29UMV9234981674",
        "gns:N:eng:FULL_NAME": "Foxford",
        "gns:N:eng:FULL_NAME_ND": "Foxford",
        "gns:N:eng:LC": "eng",
        "gns:N:eng:MODIFY_DATE": "1997-10-03",
        "gns:N:eng:NT": "N",
        "gns:N:eng:SORT_NAME": "FOXFORD",
        "gns:N:gle:FULL_NAME": "Béal Easa",
        "gns:N:gle:FULL_NAME_ND": "Beal Easa",
        "gns:N:gle:LC": "gle",
        "gns:N:gle:MODIFY_DATE": "1997-10-03",
        "gns:N:gle:NT": "N",
        "gns:N:gle:SORT_NAME": "BEALEASA",
        "gns:RC": "1",
        "gns:UFI": "-1502896",
        "gns:UNI": "416635",
        "name": "Foxford",
        "name:en": "Foxford",
        "name:ga": "Béal Easa",
        "name:ru": "Фоксфорд",
        "note": "Experimental import of Irish places and POIs from GNS Dataset",
        "place": "town",
        "place_county": "Mayo",
        "source": "gns_ei",
        "wikidata": "Q1440225",
        "wikipedia": "en:Foxford"
      },
      "geometry": {
        "type": "Point",
        "coordinates": [
          -9.116667,
          53.983333
        ]
      },
      "id": "node/52260406"
    },
    {
      "type": "Feature",
      "properties": {
        "@id": "node/52260539",
        "gns:ADM1": "26",
        "gns:CC1": "EI",
        "gns:DMS_LAT": "525143",
        "gns:DMS_LONG": "-81148",
        "gns:DSG": "PPL",
        "gns:FC": "P",
        "gns:JOG": "NN29-11",
        "gns:LAT": "52.861944",
        "gns:LONG": "-8.196667",
        "gns:MGRS": "29UNU5408357215",
        "gns:N:eng:FULL_NAME": "Nenagh",
        "gns:N:eng:FULL_NAME_ND": "Nenagh",
        "gns:N:eng:LC": "eng",
        "gns:N:eng:MODIFY_DATE": "2001-06-26",
        "gns:N:eng:NT": "N",
        "gns:N:eng:SORT_NAME": "NENAGH",
        "gns:N:gle:FULL_NAME": "An tAonach",
        "gns:N:gle:FULL_NAME_ND": "An tAonach",
        "gns:N:gle:LC": "gle",
        "gns:N:gle:MODIFY_DATE": "2001-06-26",
        "gns:N:gle:NT": "N",
        "gns:N:gle:SORT_NAME": "ANTAONACH",
        "gns:PC": "4",
        "gns:POP": "5500",
        "gns:RC": "1",
        "gns:UFI": "-1504831",
        "gns:UNI": "217377",
        "gns:V:xx:FULL_NAME": "The Meeting",
        "gns:V:xx:FULL_NAME_ND": "The Meeting",
        "gns:V:xx:MODIFY_DATE": "2001-06-26",
        "gns:V:xx:NT": "V",
        "gns:V:xx:SORT_NAME": "THEMEETING",
        "is_in": "County Tipperary",
        "name": "Nenagh",
        "name:en": "Nenagh",
        "name:ga": "An tAonach",
        "name:ru": "Нина",
        "note": "Experimental import of Irish places and POIs from GNS Dataset",
        "place": "town",
        "place_county": "Tipperary",
        "population": "9895",
        "population:date": "2022-04-03",
        "source": "gns_ei",
        "source:population": "CSO 2022",
        "wikidata": "Q918372",
        "wikipedia": "en:Nenagh"
      },
      "geometry": {
        "type": "Point",
        "coordinates": [
          -8.196667,
          52.861944
        ]
      },
      "id": "node/52260539"
    },
    {
      "type": "Feature",
      "properties": {
        "@id": "node/52260563",
        "name": "Lusk",
        "name:en": "Lusk",
        "name:ga": "Lusca",
        "note": "Experimental import of Irish places and POIs from GNS Dataset",
        "place": "town",
        "place_county": "Dublin",
        "population": "8806",
        "population:date": "2022-04-03",
        "source": "gns_ei",
        "source:population": "CSO 2022",
        "wikidata": "Q2571738",
        "wikipedia": "en:Lusk, Dublin"
      },
      "geometry": {
        "type": "Point",
        "coordinates": [
          -6.1658125,
          53.5255827
        ]
      },
      "id": "node/52260563"
    },
    {
      "type": "Feature",
      "properties": {
        "@id": "node/52260697",
        "is_in": "County Westmeath",
        "name": "Castlepollard",
        "name:en": "Castlepollard",
        "name:ga": "Baile na gCros",
        "name:ru": "Каслполлард",
        "note": "Experimental import of Irish places and POIs from GNS Dataset",
        "place": "town",
        "place_county": "Westmeath",
        "source": "gns_ei",
        "wikidata": "Q1049648",
        "wikipedia": "en:Castlepollard"
      },
      "geometry": {
        "type": "Point",
        "coordinates": [
          -7.2981856,
          53.6796939
        ]
      },
      "id": "node/52260697"
    },
    {
      "type": "Feature",
      "properties": {
        "@id": "node/52260759",
        "gns:ADM1": "26",
        "gns:CC1": "EI",
        "gns:DMS_LAT": "522057",
        "gns:DMS_LONG": "-72447",
        "gns:DSG": "PPL",
        "gns:FC": "P",
        "gns:JOG": "NN29-12",
        "gns:LAT": "52.349167",
        "gns:LONG": "-7.413056",
        "gns:MGRS": "29UPU0809101060",
        "gns:N:eng:FULL_NAME": "Carrick-on-Suir",
        "gns:N:eng:FULL_NAME_ND": "Carrick-on-Suir",
        "gns:N:eng:LC": "eng",
        "gns:N:eng:MODIFY_DATE": "2001-06-26",
        "gns:N:eng:NT": "N",
        "gns:N:eng:SORT_NAME": "CARRICKONSUIR",
        "gns:N:gle:FULL_NAME": "Carraig na Siúire",
        "gns:N:gle:FULL_NAME_ND": "Carraig na Siuire",
        "gns:N:gle:LC": "gle",
        "gns:N:gle:MODIFY_DATE": "2001-06-26",
        "gns:N:gle:NT": "N",
        "gns:N:gle:SORT_NAME": "CARRAIGNASIUIRE",
        "gns:PC": "4",
        "gns:POP": "5100",
        "gns:RC": "1",
        "gns:UFI": "-1501398",
        "gns:UNI": "-2143447",
        "name": "Carrick-on-Suir",
        "name:en": "Carrick-on-Suir",
        "name:ga": "Carraig na Siúire",
        "name:ru": "Каррик-он-Шур",
        "note": "Experimental import of Irish places and POIs from GNS Dataset",
        "place": "town",
        "place_county": "Tipperary",
        "population": "5752",
        "population:date": "2022-04-03",
        "source": "gns_ei",
        "source:population": "CSO 2022",
        "wikidata": "Q1003187"
      },
      "geometry": {
        "type": "Point",
        "coordinates": [
          -7.413056,
          52.349167
        ]
      },
      "id": "node/52260759"
    },
    {
      "type": "Feature",
      "properties": {
        "@id": "node/52260792",
        "gns:ADM1": "04",
        "gns:CC1": "EI",
        "gns:DMS_LAT": "515430",
        "gns:DMS_LONG": "-81548",
        "gns:DSG": "PPL",
        "gns:FC": "P",
        "gns:JOG": "NM29-03",
        "gns:LAT": "51.908333",
        "gns:LONG": "-8.263333",
        "gns:MGRS": "29UNT5067551099",
        "gns:N:eng:FULL_NAME": "Carrigtwohill",
        "gns:N:eng:FULL_NAME_ND": "Carrigwtohill",
        "gns:N:eng:LC": "eng",
        "gns:N:eng:MODIFY_DATE": "1997-12-15",
        "gns:N:eng:NT": "N",
        "gns:N:eng:SORT_NAME": "CARRIGTWOHILL",
        "gns:N:gle:FULL_NAME": "Carraig Thuathail",
        "gns:N:gle:FULL_NAME_ND": "Carraig Thuathail",
        "gns:N:gle:LC": "gle",
        "gns:N:gle:MODIFY_DATE": "1997-12-15",
        "gns:N:gle:NT": "N",
        "gns:N:gle:SORT_NAME": "CARRAIGTHUATHAIL",
        "gns:RC": "1",
        "gns:UFI": "-1501430",
        "gns:UNI": "415446",
        "gns:V:xx:FULL_NAME": "Carrigtwohill",
        "gns:V:xx:FULL_NAME_ND": "Carrigtwohill",
        "gns:V:xx:MODIFY_DATE": "1997-12-15",
        "gns:V:xx:NT": "V",
        "gns:V:xx:SORT_NAME": "CARRIGTWOHILL",
        "is_in": "County Cork",
        "logainm:ref": "1416572",
        "logainm:url": "https://www.logainm.ie/1416572.aspx",
        "name": "Carrigtwohill",
        "name:en": "Carrigtwohill",
        "name:ga": "Carraig Thuathail",
        "note": "Experimental import of Irish places and POIs from GNS Dataset",
        "place": "town",
        "place_county": "Cork",
        "population": "7333",
        "population:date": "2022-04-03",
        "source": "gns_ei",
        "source:population": "CSO 2022",
        "wikidata": "Q2566363",
        "wikipedia": "en:Carrigtwohill"
      },
      "geometry": {
        "type": "Point",
        "coordinates": [
          -8.2611809,
          51.9094617
        ]
      },
      "id": "node/52260792"
    },
    {
      "type": "Feature",
      "properties": {
        "@id": "node/52260827",
        "gns:ADM1": "10",
        "gns:CC1": "EI",
        "gns:DMS_LAT": "531149",
        "gns:DMS_LONG": "-83401",
        "gns:DSG": "PPL",
        "gns:FC": "P",
        "gns:JOG": "NN29-08",
        "gns:LAT": "53.196944",
        "gns:LONG": "-8.566944",
        "gns:MGRS": "29UNU2893094267",
        "gns:N:eng:FULL_NAME": "Loughrea",
        "gns:N:eng:FULL_NAME_ND": "Loughrea",
        "gns:N:eng:LC": "eng",
        "gns:N:eng:MODIFY_DATE": "1998-06-12",
        "gns:N:eng:NT": "N",
        "gns:N:eng:SORT_NAME": "LOUGHREA",
        "gns:N:gle:FULL_NAME": "Baile Locha Riach",
        "gns:N:gle:FULL_NAME_ND": "Baile Locha Riach",
        "gns:N:gle:LC": "gle",
        "gns:N:gle:MODIFY_DATE": "1998-06-12",
        "gns:N:gle:NT": "N",
        "gns:N:gle:SORT_NAME": "BAILELOCHARIACH",
        "gns:RC": "1",
        "gns:UFI": "-1504332",
        "gns:UNI": "447841",
        "name": "Loughrea",
        "name:en": "Loughrea",
        "name:ga": "Baile Locha Riach",
        "name:ru": "Лохрей",
        "note": "Experimental import of Irish places and POIs from GNS Dataset",
        "place": "town",
        "place_county": "Galway",
        "population": "6322",
        "population:date": "2022-04-03",
        "source": "gns_ei",
        "source:population": "CSO 2022",
        "wikidata": "Q1025582"
      },
      "geometry": {
        "type": "Point",
        "coordinates": [
          -8.5690594,
          53.1981624
        ]
      },
      "id": "node/52260827"
    },
    {
      "type": "Feature",
      "properties": {
        "@id": "node/52260991",
        "gns:ADM1": "04",
        "gns:CC1": "EI",
        "gns:DMS_LAT": "515126",
        "gns:DMS_LONG": "-81757",
        "gns:DSG": "PPL",
        "gns:FC": "P",
        "gns:JOG": "NM29-03",
        "gns:LAT": "51.857222",
        "gns:LONG": "-8.299167",
        "gns:MGRS": "29UNT4826545390",
        "gns:N:eng:FULL_NAME": "Cobh",
        "gns:N:eng:FULL_NAME_ND": "Cobh",
        "gns:N:eng:LC": "eng",
        "gns:N:eng:MODIFY_DATE": "2001-06-26",
        "gns:N:eng:NT": "N",
        "gns:N:eng:SORT_NAME": "COBH",
        "gns:N:gle:FULL_NAME": "An Cóbh",
        "gns:N:gle:FULL_NAME_ND": "An Cobh",
        "gns:N:gle:LC": "gle",
        "gns:N:gle:MODIFY_DATE": "2001-06-26",
        "gns:N:gle:NT": "N",
        "gns:N:gle:SORT_NAME": "ANCOBH",
        "gns:PC": "4",
        "gns:POP": "6200",
        "gns:RC": "1",
        "gns:UFI": "-1501866",
        "gns:UNI": "216597",
        "gns:V:xx:FULL_NAME": "Queenstown",
        "gns:V:xx:FULL_NAME_ND": "Queenstown",
        "gns:V:xx:MODIFY_DATE": "2001-06-26",
        "gns:V:xx:NT": "V",
        "gns:V:xx:SORT_NAME": "QUEENSTOWN",
        "is_in": "County Cork",
        "name": "Cobh",
        "name:br": "An Cóbh",
        "name:en": "Cobh",
        "name:ga": "An Cóbh",
        "name:ru": "Ков",
        "note": "Experimental import of Irish places and POIs from GNS Dataset",
        "old_name": "Queenstown",
        "place": "town",
        "place_county": "Cork",
        "population": "14148",
        "population:date": "2022-04-03",
        "source": "gns_ei",
        "source:name:br": "same as name",
        "source:population": "CSO 2022",
        "wikidata": "Q733093",
        "wikipedia": "en:Cobh"
      },
      "geometry": {
        "type": "Point",
        "coordinates": [
          -8.294279,
          51.8500947
        ]
      },
      "id": "node/52260991"
    },
    {
      "type": "Feature",
      "properties": {
        "@id": "node/52261386",
        "gns:ADM1": "31",
        "gns:CC1": "EI",
        "gns:DMS_LAT": "524748",
        "gns:DMS_LONG": "-62748",
        "gns:DSG": "PPL",
        "gns:FC": "P",
        "gns:JOG": "NN29-12",
        "gns:LAT": "52.796667",
        "gns:LONG": "-6.463333",
        "gns:MGRS": "29UPU7102052668",
        "gns:N:eng:FULL_NAME": "Tinahely",
        "gns:N:eng:FULL_NAME_ND": "Tinahely",
        "gns:N:eng:LC": "eng",
        "gns:N:eng:MODIFY_DATE": "1998-02-09",
        "gns:N:eng:NT": "N",
        "gns:N:eng:SORT_NAME": "TINAHELY",
        "gns:N:gle:FULL_NAME": "Tigh na hÉille",
        "gns:N:gle:FULL_NAME_ND": "Tigh na hEille",
        "gns:N:gle:LC": "gle",
        "gns:N:gle:MODIFY_DATE": "1998-02-09",
        "gns:N:gle:NT": "N",
        "gns:N:gle:SORT_NAME": "TIGHNAHEILLE",
        "gns:RC": "1",
        "gns:UFI": "-1505934",
        "gns:UNI": "432803",
        "is_in": "County Wicklow",
        "name": "Tinahely",
        "name:en": "Tinahely",
        "name:ga": "Tigh na hÉille",
        "note": "Experimental import of Irish places and POIs from GNS Dataset",
        "place": "town",
        "place_county": "Wicklow",
        "population": "1037",
        "population:date": "2022-04-03",
        "source": "gns_ei",
        "source:population": "CSO 2022",
        "wikidata": "Q1970360",
        "wikipedia": "en:Tinahely"
      },
      "geometry": {
        "type": "Point",
        "coordinates": [
          -6.4635618,
          52.7995433
        ]
      },
      "id": "node/52261386"
    },
    {
      "type": "Feature",
      "properties": {
        "@id": "node/52261479",
        "gns:ADM1": "19",
        "gns:CC1": "EI",
        "gns:DMS_LAT": "535006",
        "gns:DMS_LONG": "-62346",
        "gns:DSG": "PPL",
        "gns:FC": "P",
        "gns:JOG": "NN29-09",
        "gns:LAT": "53.835",
        "gns:LONG": "-6.396111",
        "gns:MGRS": "29UPV7134068308",
        "gns:N:eng:FULL_NAME": "Dunleer",
        "gns:N:eng:FULL_NAME_ND": "Dunleer",
        "gns:N:eng:LC": "eng",
        "gns:N:eng:MODIFY_DATE": "1999-03-22",
        "gns:N:eng:NT": "N",
        "gns:N:eng:SORT_NAME": "DUNLEER",
        "gns:N:gle:FULL_NAME": "Dún Léire",
        "gns:N:gle:FULL_NAME_ND": "Dun Leire",
        "gns:N:gle:LC": "gle",
        "gns:N:gle:MODIFY_DATE": "1999-03-22",
        "gns:N:gle:NT": "N",
        "gns:N:gle:SORT_NAME": "DUNLEIRE",
        "gns:RC": "1",
        "gns:UFI": "-1502624",
        "gns:UNI": "451334",
        "is_in": "County Louth",
        "name": "Dunleer",
        "name:en": "Dunleer",
        "name:ga": "Dún Léire",
        "name:ru": "Данлир",
        "place": "town",
        "place_county": "Louth",
        "population": "2143",
        "population:date": "2022-04-03",
        "source:population": "CSO 2022",
        "wikidata": "Q2669890",
        "wikipedia": "en:Dunleer"
      },
      "geometry": {
        "type": "Point",
        "coordinates": [
          -6.3950752,
          53.8316175
        ]
      },
      "id": "node/52261479"
    },
    {
      "type": "Feature",
      "properties": {
        "@id": "node/52261610",
        "is_in": "County Meath",
        "is_in:country": "Ireland",
        "is_in:county": "Meath",
        "name": "Ashbourne",
        "name:en": "Ashbourne",
        "name:ga": "Cill Dhéagláin",
        "name:ru": "Ашборн",
        "note": "Experimental import of Irish places and POIs from GNS Dataset",
        "place": "town",
        "place_county": "Meath",
        "population": "15680",
        "population:date": "2022-04-03",
        "source": "gns_ei",
        "source:population": "CSO 2022",
        "wikidata": "Q1766143",
        "wikipedia": "en:Ashbourne, County Meath"
      },
      "geometry": {
        "type": "Point",
        "coordinates": [
          -6.3981743,
          53.5116146
        ]
      },
      "id": "node/52261610"
    },
    {
      "type": "Feature",
      "properties": {
        "@id": "node/52261675",
        "name": "Clonmel",
        "name:en": "Clonmel",
        "name:ga": "Cluain Meala",
        "place": "town",
        "population": "18369",
        "population:date": "2022-04-03",
        "source:population": "CSO 2022",
        "wikidata": "Q217057",
        "wikipedia": "en:Clonmel"
      },
      "geometry": {
        "type": "Point",
        "coordinates": [
          -7.703889,
          52.355
        ]
      },
      "id": "node/52261675"
    },
    {
      "type": "Feature",
      "properties": {
        "@id": "node/52261770",
        "gns:ADM1": "02",
        "gns:CC1": "EI",
        "gns:DMS_LAT": "535429",
        "gns:DMS_LONG": "-64820",
        "gns:DSG": "PPL",
        "gns:FC": "P",
        "gns:JOG": "NN29-09",
        "gns:LAT": "53.908056",
        "gns:LONG": "-6.805556",
        "gns:MGRS": "29UPV4415175523",
        "gns:N:eng:FULL_NAME": "Kingscourt",
        "gns:N:eng:FULL_NAME_ND": "Kingscourt",
        "gns:N:eng:LC": "eng",
        "gns:N:eng:MODIFY_DATE": "1999-03-22",
        "gns:N:eng:NT": "N",
        "gns:N:eng:SORT_NAME": "KINGSCOURT",
        "gns:N:gle:FULL_NAME": "Dún an Rí",
        "gns:N:gle:FULL_NAME_ND": "Dún an Rí",
        "gns:N:gle:LC": "gle",
        "gns:N:gle:MODIFY_DATE": "1999-03-22",
        "gns:N:gle:NT": "N",
        "gns:N:gle:SORT_NAME": "DUNANRI",
        "gns:RC": "1",
        "gns:UFI": "-1503962",
        "gns:UNI": "-2146672",
        "name": "Kingscourt",
        "name:en": "Kingscourt",
        "name:ga": "Dún an Rí",
        "name:ru": "Кингскорт",
        "note": "Experimental import of Irish places and POIs from GNS Dataset",
        "place": "town",
        "place_county": "Cavan",
        "population": "2955",
        "population:date": "2022-04-03",
        "source": "gns_ei",
        "source:population": "CSO 2022",
        "wikidata": "Q2269536",
        "wikipedia": "en:Kingscourt"
      },
      "geometry": {
        "type": "Point",
        "coordinates": [
          -6.8054428,
          53.9080467
        ]
      },
      "id": "node/52261770"
    },
    {
      "type": "Feature",
      "properties": {
        "@id": "node/52261891",
        "gns:ADM1": "20",
        "gns:CC1": "EI",
        "gns:DMS_LAT": "535751",
        "gns:DMS_LONG": "-84739",
        "gns:DSG": "PPL",
        "gns:FC": "P",
        "gns:JOG": "NN29-08",
        "gns:LAT": "53.964167",
        "gns:LONG": "-8.794167",
        "gns:MGRS": "29UNV1350479554",
        "gns:N:eng:FULL_NAME": "Charlestown",
        "gns:N:eng:FULL_NAME_ND": "Charlestown",
        "gns:N:eng:LC": "eng",
        "gns:N:eng:MODIFY_DATE": "1998-09-01",
        "gns:N:eng:NT": "N",
        "gns:N:eng:SORT_NAME": "CHARLESTOWN",
        "gns:N:gle:FULL_NAME": "Baile Chathail",
        "gns:N:gle:FULL_NAME_ND": "Baile Chathail",
        "gns:N:gle:LC": "gle",
        "gns:N:gle:MODIFY_DATE": "1998-09-01",
        "gns:N:gle:NT": "N",
        "gns:N:gle:SORT_NAME": "BAILECHATHAIL",
        "gns:RC": "1",
        "gns:UFI": "-1501607",
        "gns:UNI": "451886",
        "gns:V:xx:FULL_NAME": "Newtown-Dillon",
        "gns:V:xx:FULL_NAME_ND": "Newtown-Dillon",
        "gns:V:xx:MODIFY_DATE": "1998-09-01",
        "gns:V:xx:NT": "V",
        "gns:V:xx:SORT_NAME": "NEWTOWNDILLON",
        "name": "Charlestown",
        "name:en": "Charlestown",
        "name:ga": "Baile Chathail",
        "name:ru": "Чарлстаун",
        "note": "Experimental import of Irish places and POIs from GNS Dataset",
        "place": "town",
        "place_county": "Mayo",
        "source": "gns_ei",
        "wikidata": "Q4507409",
        "wikipedia": "en:Charlestown-Bellahy"
      },
      "geometry": {
        "type": "Point",
        "coordinates": [
          -8.794167,
          53.964167
        ]
      },
      "id": "node/52261891"
    },
    {
      "type": "Feature",
      "properties": {
        "@id": "node/52261916",
        "gns:ADM1": "31",
        "gns:CC1": "EI",
        "gns:DMS_LAT": "525830",
        "gns:DMS_LONG": "-60258",
        "gns:DSG": "PPLA",
        "gns:FC": "P",
        "gns:JOG": "NN29-12",
        "gns:LAT": "52.975",
        "gns:LONG": "-6.049444",
        "gns:MGRS": "29UPU9810373563",
        "gns:N:eng:FULL_NAME": "Wicklow",
        "gns:N:eng:FULL_NAME_ND": "Wicklow",
        "gns:N:eng:LC": "eng",
        "gns:N:eng:MODIFY_DATE": "2001-06-26",
        "gns:N:eng:NT": "N",
        "gns:N:eng:SORT_NAME": "WICKLOW",
        "gns:N:gle:FULL_NAME": "Cill Mhantáin",
        "gns:N:gle:FULL_NAME_ND": "Cill Mhantain",
        "gns:N:gle:LC": "gle",
        "gns:N:gle:MODIFY_DATE": "2001-06-26",
        "gns:N:gle:NT": "N",
        "gns:N:gle:SORT_NAME": "CILLMHANTAIN",
        "gns:PC": "4",
        "gns:POP": "5800",
        "gns:RC": "1",
        "gns:UFI": "-1506204",
        "gns:UNI": "-2149507",
        "gns:V:xx:FULL_NAME": "Cill Mhanntain",
        "gns:V:xx:FULL_NAME_ND": "Cill Mhanntain",
        "gns:V:xx:MODIFY_DATE": "2001-06-26",
        "gns:V:xx:NT": "V",
        "gns:V:xx:SORT_NAME": "CILLMHANNTAIN",
        "is_in": "County Wicklow",
        "name": "Wicklow",
        "name:en": "Wicklow",
        "name:ga": "Cill Mhantáin",
        "name:gcf": "Wiklo",
        "name:ru": "Уиклоу",
        "note": "Experimental import of Irish places and POIs from GNS Dataset",
        "place": "town",
        "place_county": "Wicklow",
        "population": "12957",
        "population:date": "2022-04-03",
        "source": "gns_ei",
        "source:population": "CSO 2022",
        "wikidata": "Q652101",
        "wikipedia": "en:Wicklow"
      },
      "geometry": {
        "type": "Point",
        "coordinates": [
          -6.0414184,
          52.9802376
        ]
      },
      "id": "node/52261916"
    },
    {
      "type": "Feature",
      "properties": {
        "@id": "node/52262372",
        "is_in": "County Limerick",
        "name": "Kilmallock",
        "name:en": "Kilmallock",
        "name:ga": "Cill Mocheallóg",
        "name:ru": "Килмаллок",
        "place": "town",
        "place_county": "Limerick",
        "population": "1761",
        "population:date": "2022-04-03",
        "source": "gns_ei",
        "source:population": "CSO 2022",
        "wikidata": "Q2566838",
        "wikipedia": "en:Kilmallock"
      },
      "geometry": {
        "type": "Point",
        "coordinates": [
          -8.5744751,
          52.3993029
        ]
      },
      "id": "node/52262372"
    },
    {
      "type": "Feature",
      "properties": {
        "@id": "node/52262662",
        "gns:ADM1": "04",
        "gns:CC1": "EI",
        "gns:DMS_LAT": "513300",
        "gns:DMS_LONG": "-91600",
        "gns:DSG": "PPL",
        "gns:FC": "P",
        "gns:JOG": "NM29-02",
        "gns:LAT": "51.55",
        "gns:LONG": "-9.266667",
        "gns:MGRS": "29UMT8151011024",
        "gns:N:eng:FULL_NAME": "Skibbereen",
        "gns:N:eng:FULL_NAME_ND": "Skibbereen",
        "gns:N:eng:LC": "eng",
        "gns:N:eng:MODIFY_DATE": "2001-06-26",
        "gns:N:eng:NT": "N",
        "gns:N:eng:SORT_NAME": "SKIBBEREEN",
        "gns:N:gle:FULL_NAME": "An Sciobairin",
        "gns:N:gle:FULL_NAME_ND": "An Sciobairin",
        "gns:N:gle:LC": "gle",
        "gns:N:gle:MODIFY_DATE": "2001-06-26",
        "gns:N:gle:NT": "N",
        "gns:N:gle:SORT_NAME": "ANSCIOBAIRIN",
        "gns:POP": "1900",
        "gns:RC": "1",
        "gns:UFI": "-1505678",
        "gns:UNI": "216586",
        "is_in": "County Cork",
        "name": "Skibbereen",
        "name:br": "An Sciobairín",
        "name:en": "Skibbereen",
        "name:ga": "An Sciobairín",
        "name:ru": "Скибберин",
        "note": "Experimental import of Irish places and POIs from GNS Dataset",
        "place": "town",
        "place_county": "Cork",
        "population": "2903",
        "population:date": "2022-04-03",
        "source": "gns_ei",
        "source:name:br": "proper translation",
        "source:population": "CSO 2022",
        "wikidata": "Q1930746"
      },
      "geometry": {
        "type": "Point",
        "coordinates": [
          -9.2666753,
          51.55
        ]
      },
      "id": "node/52262662"
    },
    {
      "type": "Feature",
      "properties": {
        "@id": "node/52262886",
        "logainm:ref": "1416770",
        "logainm:url": "https://www.logainm.ie/1416770.aspx",
        "name": "Ballymote",
        "name:en": "Ballymote",
        "name:ga": "Baile an Mhóta",
        "name:ru": "Баллимот",
        "place": "town",
        "source": "gns_ei",
        "wikidata": "Q1899651"
      },
      "geometry": {
        "type": "Point",
        "coordinates": [
          -8.5155338,
          54.0885294
        ]
      },
      "id": "node/52262886"
    },
    {
      "type": "Feature",
      "properties": {
        "@id": "node/52263071",
        "is_in": "County Offaly",
        "name": "Clara",
        "name:en": "Clara",
        "name:ga": "Clóirtheach",
        "name:ru": "Клара",
        "note": "Experimental import of Irish places and POIs from GNS Dataset",
        "place": "town",
        "place_county": "Offaly",
        "population": "3403",
        "population:date": "2022-04-03",
        "source": "gns_ei",
        "source:population": "CSO 2022",
        "wikidata": "Q5953835",
        "wikipedia": "en:Clara, County Offaly"
      },
      "geometry": {
        "type": "Point",
        "coordinates": [
          -7.613889,
          53.3425
        ]
      },
      "id": "node/52263071"
    },
    {
      "type": "Feature",
      "properties": {
        "@id": "node/52263077",
        "gns:ADM1": "24",
        "gns:CC1": "EI",
        "gns:DMS_LAT": "534600",
        "gns:DMS_LONG": "-83000",
        "gns:DSG": "PPL",
        "gns:FC": "P",
        "gns:JOG": "NN29-08",
        "gns:LAT": "53.766667",
        "gns:LONG": "-8.5",
        "gns:MGRS": "29UNV3295857677",
        "gns:N:eng:FULL_NAME": "Castlerea",
        "gns:N:eng:FULL_NAME_ND": "Castlerea",
        "gns:N:eng:LC": "eng",
        "gns:N:eng:MODIFY_DATE": "1998-02-13",
        "gns:N:eng:NT": "N",
        "gns:N:eng:SORT_NAME": "CASTLEREA",
        "gns:N:gle:FULL_NAME": "An Caisleán Riabhach",
        "gns:N:gle:FULL_NAME_ND": "An Caislean Riabhach",
        "gns:N:gle:LC": "gle",
        "gns:N:gle:MODIFY_DATE": "1998-02-13",
        "gns:N:gle:NT": "N",
        "gns:N:gle:SORT_NAME": "ANCAISLEANRIABHACH",
        "gns:RC": "1",
        "gns:UFI": "-1501554",
        "gns:UNI": "451748",
        "gns:V:xx:FULL_NAME": "Castlereagh",
        "gns:V:xx:FULL_NAME_ND": "Castlereagh",
        "gns:V:xx:MODIFY_DATE": "1998-02-13",
        "gns:V:xx:NT": "V",
        "gns:V:xx:SORT_NAME": "CASTLEREAGH",
        "name": "Castlerea",
        "name:en": "Castlerea",
        "name:ga": "An Caisleán Riabhach",
        "name:ru": "Каслрей",
        "note": "Experimental import of Irish places and POIs from GNS Dataset",
        "place": "town",
        "place_county": "Roscommon",
        "population": "2348",
        "population:date": "2022-04-03",
        "source": "gns_ei",
        "source:population": "CSO 2022",
        "wikidata": "Q1049654",
        "wikipedia": "en:Castlerea"
      },
      "geometry": {
        "type": "Point",
        "coordinates": [
          -8.487153,
          53.7664969
        ]
      },
      "id": "node/52263077"
    },
    {
      "type": "Feature",
      "properties": {
        "@id": "node/52263305",
        "gns:ADM1": "04",
        "gns:CC1": "EI",
        "gns:DMS_LAT": "515226",
        "gns:DMS_LONG": "-82040",
        "gns:DSG": "PPL",
        "gns:FC": "P",
        "gns:JOG": "NM29-03",
        "gns:LAT": "51.873889",
        "gns:LONG": "-8.344444",
        "gns:MGRS": "29UNT4513047215",
        "gns:N:eng:FULL_NAME": "Passage West",
        "gns:N:eng:FULL_NAME_ND": "Passage West",
        "gns:N:eng:LC": "eng",
        "gns:N:eng:MODIFY_DATE": "1997-12-15",
        "gns:N:eng:NT": "N",
        "gns:N:eng:SORT_NAME": "PASSAGEWEST",
        "gns:N:gle:FULL_NAME": "An Pasáiste",
        "gns:N:gle:FULL_NAME_ND": "An Pasaiste",
        "gns:N:gle:LC": "gle",
        "gns:N:gle:MODIFY_DATE": "1997-12-15",
        "gns:N:gle:NT": "N",
        "gns:N:gle:SORT_NAME": "ANPASAISTE",
        "gns:RC": "1",
        "gns:UFI": "-1505069",
        "gns:UNI": "407689",
        "gns:V:xx:FULL_NAME": "Passage",
        "gns:V:xx:FULL_NAME_ND": "Passage",
        "gns:V:xx:MODIFY_DATE": "1997-12-15",
        "gns:V:xx:NT": "V",
        "gns:V:xx:SORT_NAME": "PASSAGE",
        "is_in": "County Cork",
        "name": "Passage West",
        "name:en": "Passage West",
        "name:ga": "An Pasáiste",
        "name:ru": "Пассидж-Уэст",
        "note": "Experimental import of Irish places and POIs from GNS Dataset",
        "place": "town",
        "place_county": "Cork",
        "population": "6051",
        "population:date": "2022-04-03",
        "source": "gns_ei",
        "source:population": "CSO 2022",
        "wikidata": "Q1635940"
      },
      "geometry": {
        "type": "Point",
        "coordinates": [
          -8.3354199,
          51.8711088
        ]
      },
      "id": "node/52263305"
    },
    {
      "type": "Feature",
      "properties": {
        "@id": "node/52263311",
        "gns:ADM1": "04",
        "gns:CC1": "EI",
        "gns:DMS_LAT": "521000",
        "gns:DMS_LONG": "-85400",
        "gns:DSG": "PPL",
        "gns:FC": "P",
        "gns:JOG": "NN29-11",
        "gns:LAT": "52.166667",
        "gns:LONG": "-8.9",
        "gns:MGRS": "29UNT0684079580",
        "gns:N:eng:FULL_NAME": "Kanturk",
        "gns:N:eng:FULL_NAME_ND": "Kanturk",
        "gns:N:eng:LC": "eng",
        "gns:N:eng:MODIFY_DATE": "1997-10-03",
        "gns:N:eng:NT": "N",
        "gns:N:eng:SORT_NAME": "KANTURK",
        "gns:N:gle:FULL_NAME": "Ceann Toirc",
        "gns:N:gle:FULL_NAME_ND": "Ceann Toirc",
        "gns:N:gle:LC": "gle",
        "gns:N:gle:MODIFY_DATE": "1997-10-03",
        "gns:N:gle:NT": "N",
        "gns:N:gle:SORT_NAME": "CEANNTOIRC",
        "gns:RC": "1",
        "gns:UFI": "-1503575",
        "gns:UNI": "414037",
        "is_in": "County Cork",
        "name": "Kanturk",
        "name:en": "Kanturk",
        "name:ga": "Ceann Toirc",
        "name:ru": "Кантерк",
        "note": "Experimental import of Irish places and POIs from GNS Dataset",
        "place": "town",
        "place_county": "Cork",
        "source": "gns_ei",
        "wikidata": "Q287965",
        "wikipedia": "en:Kanturk"
      },
      "geometry": {
        "type": "Point",
        "coordinates": [
          -8.9065541,
          52.1774522
        ]
      },
      "id": "node/52263311"
    },
    {
      "type": "Feature",
      "properties": {
        "@id": "node/52263471",
        "gns:ADM1": "07",
        "gns:CC1": "EI",
        "gns:DMS_LAT": "533646",
        "gns:DMS_LONG": "-61055",
        "gns:DSG": "PPL",
        "gns:FC": "P",
        "gns:JOG": "NN29-09",
        "gns:LAT": "53.612778",
        "gns:LONG": "-6.181944",
        "gns:MGRS": "29UPV8641044132",
        "gns:N:eng:FULL_NAME": "Balbriggan",
        "gns:N:eng:FULL_NAME_ND": "Balbriggan",
        "gns:N:eng:LC": "eng",
        "gns:N:eng:MODIFY_DATE": "1999-03-22",
        "gns:N:eng:NT": "N",
        "gns:N:eng:SORT_NAME": "BALBRIGGAN",
        "gns:N:gle:FULL_NAME": "Baile Brigín",
        "gns:N:gle:FULL_NAME_ND": "Baile Brigin",
        "gns:N:gle:LC": "gle",
        "gns:N:gle:MODIFY_DATE": "1999-03-22",
        "gns:N:gle:NT": "N",
        "gns:N:gle:SORT_NAME": "BAILEBRIGIN",
        "gns:RC": "1",
        "gns:UFI": "-1500325",
        "gns:UNI": "450712",
        "is_in": "County Dublin",
        "is_in:country": "Ireland",
        "is_in:county": "Dublin",
        "name": "Balbriggan",
        "name:en": "Balbriggan",
        "name:ga": "Baile Brigín",
        "name:ru": "Балбригган",
        "name:sr": "Балбриган",
        "note": "Experimental import of Irish places and POIs from GNS Dataset",
        "place": "town",
        "place_county": "Dublin",
        "population": "24322",
        "population:date": "2022-04-03",
        "source": "gns_ei",
        "source:population": "CSO 2022"
      },
      "geometry": {
        "type": "Point",
        "coordinates": [
          -6.1861964,
          53.609832
        ]
      },
      "id": "node/52263471"
    },
    {
      "type": "Feature",
      "properties": {
        "@id": "node/52263523",
        "alt_name:ga": "Ros Mhic Treoin",
        "gns:ADM1": "30",
        "gns:CC1": "EI",
        "gns:DMS_LAT": "522348",
        "gns:DMS_LONG": "-65612",
        "gns:DSG": "PPL",
        "gns:FC": "P",
        "gns:JOG": "NN29-12",
        "gns:LAT": "52.396667",
        "gns:LONG": "-6.936667",
        "gns:MGRS": "29UPU4038607161",
        "gns:N:eng:FULL_NAME": "New Ross",
        "gns:N:eng:FULL_NAME_ND": "New Ross",
        "gns:N:eng:LC": "eng",
        "gns:N:eng:MODIFY_DATE": "2001-06-26",
        "gns:N:eng:NT": "N",
        "gns:N:eng:SORT_NAME": "NEWROSS",
        "gns:N:gle:FULL_NAME": "Ros Mhic Thriúin",
        "gns:N:gle:FULL_NAME_ND": "Ros Mhic Thriuin",
        "gns:N:gle:LC": "gle",
        "gns:N:gle:MODIFY_DATE": "2001-06-26",
        "gns:N:gle:NT": "N",
        "gns:N:gle:SORT_NAME": "ROSMHICTHRIUIN",
        "gns:PC": "4",
        "gns:POP": "5000",
        "gns:RC": "1",
        "gns:UFI": "-1504883",
        "gns:UNI": "217339",
        "gns:V:xx:FULL_NAME": "Ross",
        "gns:V:xx:FULL_NAME_ND": "Ross",
        "gns:V:xx:MODIFY_DATE": "2001-06-26",
        "gns:V:xx:NT": "V",
        "gns:V:xx:SORT_NAME": "ROSS",
        "name": "New Ross",
        "name:en": "New Ross",
        "name:ga": "Ros Mhic Thriúin",
        "name:ru": "Нью-Росс",
        "note": "Experimental import of Irish places and POIs from GNS Dataset",
        "place": "town",
        "place_county": "Wexford",
        "population": "8610",
        "population:date": "2022-04-03",
        "source": "gns_ei",
        "source:population": "CSO 2022",
        "wikidata": "Q1016292",
        "wikipedia": "en:New Ross"
      },
      "geometry": {
        "type": "Point",
        "coordinates": [
          -6.9446066,
          52.3955671
        ]
      },
      "id": "node/52263523"
    },
    {
      "type": "Feature",
      "properties": {
        "@id": "node/52267809",
        "is_in": "County Kerry",
        "name": "Milltown",
        "name:en": "Milltown",
        "name:ga": "Baile an Mhuilinn",
        "note": "Experimental import of Irish places and POIs from GNS Dataset",
        "place": "town",
        "place_county": "Kerry",
        "source": "gns_ei",
        "wikidata": "Q3775678"
      },
      "geometry": {
        "type": "Point",
        "coordinates": [
          -9.7172394,
          52.1452719
        ]
      },
      "id": "node/52267809"
    },
    {
      "type": "Feature",
      "properties": {
        "@id": "node/52267953",
        "gns:ADM1": "04",
        "gns:CC1": "EI",
        "gns:DMS_LAT": "515700",
        "gns:DMS_LONG": "-75102",
        "gns:DSG": "PPL",
        "gns:FC": "P",
        "gns:JOG": "NM29-03",
        "gns:LAT": "51.95",
        "gns:LONG": "-7.850556",
        "gns:MGRS": "29UNT7899756101",
        "gns:N:eng:FULL_NAME": "Youghal",
        "gns:N:eng:FULL_NAME_ND": "Youghal",
        "gns:N:eng:LC": "eng",
        "gns:N:eng:MODIFY_DATE": "2001-06-26",
        "gns:N:eng:NT": "N",
        "gns:N:eng:SORT_NAME": "YOUGHAL",
        "gns:N:gle:FULL_NAME": "Eochaill",
        "gns:N:gle:FULL_NAME_ND": "Eochaill",
        "gns:N:gle:LC": "gle",
        "gns:N:gle:MODIFY_DATE": "2001-06-26",
        "gns:N:gle:NT": "N",
        "gns:N:gle:SORT_NAME": "EOCHAILL",
        "gns:PC": "4",
        "gns:POP": "5500",
        "gns:RC": "1",
        "gns:UFI": "-1506272",
        "gns:UNI": "217315",
        "is_in": "County Cork",
        "name": "Youghal",
        "name:en": "Youghal",
        "name:ga": "Eochaill",
        "name:ru": "Йол",
        "note": "Experimental import of Irish places and POIs from GNS Dataset",
        "place": "town",
        "place_county": "Cork",
        "population": "8564",
        "population:date": "2022-04-03",
        "source": "gns_ei",
        "source:population": "CSO 2022",
        "wikidata": "Q1012476"
      },
      "geometry": {
        "type": "Point",
        "coordinates": [
          -7.8431892,
          51.9494736
        ]
      },
      "id": "node/52267953"
    },
    {
      "type": "Feature",
      "properties": {
        "@id": "node/52268286",
        "name": "Oughterard",
        "name:en": "Oughterard",
        "name:ga": "Uachtar Ard",
        "name:ru": "Утерад",
        "place": "town",
        "place_county": "Galway",
        "wikidata": "Q1973811"
      },
      "geometry": {
        "type": "Point",
        "coordinates": [
          -9.3226023,
          53.4284256
        ]
      },
      "id": "node/52268286"
    },
    {
      "type": "Feature",
      "properties": {
        "@id": "node/52268740",
        "gns:ADM1": "22",
        "gns:CC1": "EI",
        "gns:DMS_LAT": "540734",
        "gns:DMS_LONG": "-65402",
        "gns:DSG": "PPL",
        "gns:FC": "P",
        "gns:JOG": "NN29-06",
        "gns:LAT": "54.126111",
        "gns:LONG": "-6.900556",
        "gns:MGRS": "29UPV3719299590",
        "gns:N:eng:FULL_NAME": "Ballybay",
        "gns:N:eng:FULL_NAME_ND": "Ballybay",
        "gns:N:eng:LC": "eng",
        "gns:N:eng:MODIFY_DATE": "1998-04-30",
        "gns:N:eng:NT": "N",
        "gns:N:eng:SORT_NAME": "BALLYBAY",
        "gns:N:gle:FULL_NAME": "Béal Átha na Beithe",
        "gns:N:gle:FULL_NAME_ND": "Beal Atha na Beithe",
        "gns:N:gle:LC": "gle",
        "gns:N:gle:MODIFY_DATE": "1998-04-30",
        "gns:N:gle:NT": "N",
        "gns:N:gle:SORT_NAME": "BEALATHANABEITHE",
        "gns:RC": "1",
        "gns:UFI": "-1500444",
        "gns:UNI": "452815",
        "gns:V:xx:FULL_NAME": "Béal Átha Beithe",
        "gns:V:xx:FULL_NAME_ND": "Beal Atha Beithe",
        "gns:V:xx:MODIFY_DATE": "1998-04-30",
        "gns:V:xx:NT": "V",
        "gns:V:xx:SORT_NAME": "BEALATHABEITHE",
        "is_in": "County Monaghan",
        "logainm:ref": "1411634",
        "logainm:url": "https://www.logainm.ie/1411634.aspx",
        "name": "Ballybay",
        "name:en": "Ballybay",
        "name:ga": "Béal Átha na Beithe",
        "name:ru": "Баллибей",
        "name:sr": "Балибеј",
        "note": "Experimental import of Irish places and POIs from GNS Dataset",
        "place": "town",
        "place_county": "Monaghan",
        "population": "1329",
        "population:2016": "1241",
        "population:date": "2022-04-03",
        "source": "gns_ei",
        "source:population": "CSO 2022",
        "wikidata": "Q878530",
        "wikipedia": "en:Ballybay"
      },
      "geometry": {
        "type": "Point",
        "coordinates": [
          -6.9029718,
          54.1288793
        ]
      },
      "id": "node/52268740"
    },
    {
      "type": "Feature",
      "properties": {
        "@id": "node/52268890",
        "gns:ADM1": "02",
        "gns:CC1": "EI",
        "gns:DMS_LAT": "540421",
        "gns:DMS_LONG": "-70455",
        "gns:DSG": "PPL",
        "gns:FC": "P",
        "gns:JOG": "NN29-06",
        "gns:LAT": "54.0725",
        "gns:LONG": "-7.081944",
        "gns:MGRS": "29UPV2550293289",
        "gns:N:eng:FULL_NAME": "Cootehill",
        "gns:N:eng:FULL_NAME_ND": "Cootehill",
        "gns:N:eng:LC": "eng",
        "gns:N:eng:MODIFY_DATE": "1998-04-30",
        "gns:N:eng:NT": "N",
        "gns:N:eng:SORT_NAME": "COOTEHILL",
        "gns:N:gle:FULL_NAME": "Muinchille",
        "gns:N:gle:FULL_NAME_ND": "Muinchille",
        "gns:N:gle:LC": "gle",
        "gns:N:gle:MODIFY_DATE": "1998-04-30",
        "gns:N:gle:NT": "N",
        "gns:N:gle:SORT_NAME": "MUINCHILLE",
        "gns:RC": "1",
        "gns:UFI": "-1501968",
        "gns:UNI": "452555",
        "is_in": "County Cavan",
        "logainm:ref": "4689",
        "logainm:url": "https://www.logainm.ie/4689.aspx",
        "name": "Cootehill",
        "name:en": "Cootehill",
        "name:ga": "Muinchille",
        "name:ru": "Кутхилл",
        "note": "Experimental import of Irish places and POIs from GNS Dataset",
        "place": "town",
        "place_county": "Cavan",
        "population": "1856",
        "population:date": "2022-04-03",
        "source": "gns_ei",
        "source:population": "CSO 2022",
        "wikidata": "Q2114237",
        "wikipedia": "en:Cootehill"
      },
      "geometry": {
        "type": "Point",
        "coordinates": [
          -7.0822524,
          54.0725259
        ]
      },
      "id": "node/52268890"
    },
    {
      "type": "Feature",
      "properties": {
        "@id": "node/52268929",
        "gns:ADM1": "07",
        "gns:CC1": "EI",
        "gns:DMS_LAT": "532735",
        "gns:DMS_LONG": "-61305",
        "gns:DSG": "PPL",
        "gns:FC": "P",
        "gns:JOG": "NN29-09",
        "gns:LAT": "53.459722",
        "gns:LONG": "-6.218056",
        "gns:MGRS": "29UPV8468727016",
        "gns:N:eng:FULL_NAME": "Swords",
        "gns:N:eng:FULL_NAME_ND": "Swords",
        "gns:N:eng:LC": "eng",
        "gns:N:eng:MODIFY_DATE": "1999-03-22",
        "gns:N:eng:NT": "N",
        "gns:N:eng:SORT_NAME": "SWORDS",
        "gns:N:gle:FULL_NAME": "Sord",
        "gns:N:gle:FULL_NAME_ND": "Sord",
        "gns:N:gle:LC": "gle",
        "gns:N:gle:MODIFY_DATE": "1999-03-22",
        "gns:N:gle:NT": "N",
        "gns:N:gle:SORT_NAME": "SORD",
        "gns:RC": "1",
        "gns:UFI": "-1505840",
        "gns:UNI": "450660",
        "is_in": "County Dublin",
        "is_in:country": "Ireland",
        "is_in:county": "Dublin",
        "name": "Swords",
        "name:en": "Swords",
        "name:ga": "Sord",
        "name:ru": "Сордс",
        "note": "Experimental import of Irish places and POIs from GNS Dataset",
        "place": "town",
        "place_county": "Dublin",
        "population": "40776",
        "population:date": "2022-04-03",
        "source": "gns_ei",
        "source:population": "CSO 2022",
        "wikidata": "Q987745",
        "wikipedia": "en:Swords, Dublin"
      },
      "geometry": {
        "type": "Point",
        "coordinates": [
          -6.219175,
          53.4594799
        ]
      },
      "id": "node/52268929"
    },
    {
      "type": "Feature",
      "properties": {
        "@id": "node/52269022",
        "gns:ADM1": "10",
        "gns:CC1": "EI",
        "gns:DMS_LAT": "530521",
        "gns:DMS_LONG": "-81308",
        "gns:DSG": "PPL",
        "gns:FC": "P",
        "gns:JOG": "NN29-08",
        "gns:LAT": "53.089167",
        "gns:LONG": "-8.218889",
        "gns:MGRS": "29UNU5231282475",
        "gns:N:eng:FULL_NAME": "Portumna",
        "gns:N:eng:FULL_NAME_ND": "Portumna",
        "gns:N:eng:LC": "eng",
        "gns:N:eng:MODIFY_DATE": "1998-08-18",
        "gns:N:eng:NT": "N",
        "gns:N:eng:SORT_NAME": "PORTUMNA",
        "gns:N:gle:FULL_NAME": "Port Omna",
        "gns:N:gle:FULL_NAME_ND": "Port Omna",
        "gns:N:gle:LC": "gle",
        "gns:N:gle:MODIFY_DATE": "1998-08-18",
        "gns:N:gle:NT": "N",
        "gns:N:gle:SORT_NAME": "PORTOMNA",
        "gns:RC": "1",
        "gns:UFI": "-1505125",
        "gns:UNI": "447501",
        "is_in": "County Galway",
        "name": "Portumna",
        "name:en": "Portumna",
        "name:ga": "Port Omna",
        "name:ru": "Портамна",
        "note": "Experimental import of Irish places and POIs from GNS Dataset",
        "place": "town",
        "place_county": "Galway",
        "source": "gns_ei",
        "wikidata": "Q303163",
        "wikipedia": "en:Portumna"
      },
      "geometry": {
        "type": "Point",
        "coordinates": [
          -8.2192922,
          53.0923333
        ]
      },
      "id": "node/52269022"
    },
    {
      "type": "Feature",
      "properties": {
        "@id": "node/52269076",
        "alt_name": "Muinebheag",
        "gns:ADM1": "01",
        "gns:CC1": "EI",
        "gns:DMS_LAT": "524145",
        "gns:DMS_LONG": "-65923",
        "gns:DSG": "PPL",
        "gns:FC": "P",
        "gns:JOG": "NN29-12",
        "gns:LAT": "52.695833",
        "gns:LONG": "-6.989722",
        "gns:MGRS": "29UPU3584940331",
        "gns:N:xx:FULL_NAME": "Muine Bheag",
        "gns:N:xx:FULL_NAME_ND": "Muine Bheag",
        "gns:N:xx:MODIFY_DATE": "1998-02-09",
        "gns:N:xx:NT": "N",
        "gns:N:xx:SORT_NAME": "MUINEBHEAG",
        "gns:RC": "1",
        "gns:UFI": "-1500319",
        "gns:UNI": "-2147692",
        "gns:V:xx:FULL_NAME": "Bagenalstown",
        "gns:V:xx:FULL_NAME_ND": "Bagenalstown",
        "gns:V:xx:MODIFY_DATE": "1998-02-09",
        "gns:V:xx:NT": "V",
        "gns:V:xx:SORT_NAME": "BAGENALSTOWN",
        "is_in": "County Carlow",
        "name": "Muine Bheag",
        "name:en": "Bagenalstown",
        "name:ga": "Muine Bheag",
        "note": "Experimental import of Irish places and POIs from GNS Dataset",
        "place": "town",
        "place_county": "Carlow",
        "source": "gns_ei",
        "wikidata": "Q735855",
        "wikipedia": "en:Muine Bheag"
      },
      "geometry": {
        "type": "Point",
        "coordinates": [
          -6.9566623,
          52.7018267
        ]
      },
      "id": "node/52269076"
    },
    {
      "type": "Feature",
      "properties": {
        "@id": "node/52269252",
        "gns:ADM1": "07",
        "gns:CC1": "EI",
        "gns:DMS_LAT": "531928",
        "gns:DMS_LONG": "-62350",
        "gns:DSG": "PPL",
        "gns:FC": "P",
        "gns:JOG": "NN29-09",
        "gns:LAT": "53.324444",
        "gns:LONG": "-6.397222",
        "gns:MGRS": "29UPV7334411522",
        "gns:N:eng:FULL_NAME": "Clondalkin",
        "gns:N:eng:FULL_NAME_ND": "Clondalkin",
        "gns:N:eng:LC": "eng",
        "gns:N:eng:MODIFY_DATE": "1999-02-24",
        "gns:N:eng:NT": "N",
        "gns:N:eng:SORT_NAME": "CLONDALKIN",
        "gns:N:gle:FULL_NAME": "Cluain Dolcáin",
        "gns:N:gle:FULL_NAME_ND": "Cluain Dolcain",
        "gns:N:gle:LC": "gle",
        "gns:N:gle:MODIFY_DATE": "1999-02-24",
        "gns:N:gle:NT": "N",
        "gns:N:gle:SORT_NAME": "CLUAINDOLCAIN",
        "gns:RC": "1",
        "gns:UFI": "-1501745",
        "gns:UNI": "417390",
        "is_in": "County Dublin",
        "is_in:country": "Ireland",
        "is_in:county": "Dublin",
        "name": "Clondalkin",
        "name:en": "Clondalkin",
        "name:ga": "Cluain Dolcáin",
        "note": "Experimental import of Irish places and POIs from GNS Dataset",
        "place": "town",
        "place_county": "Dublin",
        "population": "45165",
        "source": "gns_ei",
        "wikidata": "Q1102232",
        "wikipedia": "en:Clondalkin"
      },
      "geometry": {
        "type": "Point",
        "coordinates": [
          -6.3942689,
          53.3219624
        ]
      },
      "id": "node/52269252"
    },
    {
      "type": "Feature",
      "properties": {
        "@id": "node/52269488",
        "gns:ADM1": "24",
        "gns:CC1": "EI",
        "gns:DMS_LAT": "533800",
        "gns:DMS_LONG": "-81100",
        "gns:DSG": "PPLA",
        "gns:FC": "P",
        "gns:JOG": "NN29-08",
        "gns:LAT": "53.633333",
        "gns:LONG": "-8.183333",
        "gns:MGRS": "29UNV5400143037",
        "gns:N:eng:FULL_NAME": "Roscommon",
        "gns:N:eng:FULL_NAME_ND": "Roscommon",
        "gns:N:eng:LC": "eng",
        "gns:N:eng:MODIFY_DATE": "2001-06-26",
        "gns:N:eng:NT": "N",
        "gns:N:eng:SORT_NAME": "ROSCOMMON",
        "gns:N:gle:FULL_NAME": "Ros Comáin",
        "gns:N:gle:FULL_NAME_ND": "Ros Comain",
        "gns:N:gle:LC": "gle",
        "gns:N:gle:MODIFY_DATE": "2001-06-26",
        "gns:N:gle:NT": "N",
        "gns:N:gle:SORT_NAME": "ROSCOMAIN",
        "gns:RC": "1",
        "gns:UFI": "-1505403",
        "gns:UNI": "-2148517",
        "gns:V:xx:FULL_NAME": "Rosecommon",
        "gns:V:xx:FULL_NAME_ND": "Rosecommon",
        "gns:V:xx:MODIFY_DATE": "2001-06-26",
        "gns:V:xx:NT": "V",
        "gns:V:xx:SORT_NAME": "ROSECOMMON",
        "name": "Roscommon",
        "name:en": "Roscommon",
        "name:ga": "Ros Comáin",
        "name:ru": "Роскоммон",
        "note": "Experimental import of Irish places and POIs from GNS Dataset",
        "place": "town",
        "place_county": "Roscommon",
        "source": "gns_ei",
        "wikidata": "Q677631",
        "wikipedia": "en:Roscommon"
      },
      "geometry": {
        "type": "Point",
        "coordinates": [
          -8.19068,
          53.6312446
        ]
      },
      "id": "node/52269488"
    },
    {
      "type": "Feature",
      "properties": {
        "@id": "node/52269553",
        "is_in:country": "Ireland",
        "is_in:county": "Meath",
        "logainm:ref": "1416749",
        "logainm:url": "https://www.logainm.ie/1416749.aspx",
        "name": "Ratoath",
        "name:en": "Ratoath",
        "name:ga": "Ráth Tó",
        "note": "Experimental import of Irish places and POIs from GNS Dataset",
        "place": "town",
        "place_county": "Meath",
        "population": "10077",
        "population:date": "2022-04-03",
        "source": "gns_ei",
        "source:population": "CSO 2022",
        "wikidata": "Q1016286",
        "wikipedia": "en:Ratoath"
      },
      "geometry": {
        "type": "Point",
        "coordinates": [
          -6.4640687,
          53.5072716
        ]
      },
      "id": "node/52269553"
    },
    {
      "type": "Feature",
      "properties": {
        "@id": "node/52269587",
        "name": "Ballyshannon",
        "name:en": "Ballyshannon",
        "name:ga": "Béal Átha Seanaidh",
        "name:ru": "Баллишаннон",
        "name:sr": "Балишенон",
        "note": "Experimental import of Irish places and POIs from GNS Dataset",
        "place": "town",
        "place_county": "Donegal",
        "source": "gns_ei"
      },
      "geometry": {
        "type": "Point",
        "coordinates": [
          -8.1897659,
          54.501979
        ]
      },
      "id": "node/52269587"
    },
    {
      "type": "Feature",
      "properties": {
        "@id": "node/52269708",
        "gns:ADM1": "02",
        "gns:CC1": "EI",
        "gns:DMS_LAT": "535927",
        "gns:DMS_LONG": "-72138",
        "gns:DSG": "PPLA",
        "gns:FC": "P",
        "gns:JOG": "NN29-09",
        "gns:LAT": "53.990833",
        "gns:LONG": "-7.360556",
        "gns:MGRS": "29UPV0748483746",
        "gns:N:eng:FULL_NAME": "Cavan",
        "gns:N:eng:FULL_NAME_ND": "Cavan",
        "gns:N:eng:LC": "eng",
        "gns:N:eng:MODIFY_DATE": "2001-06-26",
        "gns:N:eng:NT": "N",
        "gns:N:eng:SORT_NAME": "CAVAN",
        "gns:N:gle:FULL_NAME": "An Cabhán",
        "gns:N:gle:FULL_NAME_ND": "An Cabhan",
        "gns:N:gle:LC": "gle",
        "gns:N:gle:MODIFY_DATE": "2001-06-26",
        "gns:N:gle:NT": "N",
        "gns:N:gle:SORT_NAME": "ANCABHAN",
        "gns:PC": "4",
        "gns:POP": "3300",
        "gns:RC": "1",
        "gns:UFI": "-1501589",
        "gns:UNI": "217673",
        "name": "Cavan",
        "name:en": "Cavan",
        "name:ga": "An Cabhán",
        "name:ru": "Каван",
        "note": "Experimental import of Irish places and POIs from GNS Dataset",
        "place": "town",
        "place_county": "Cavan",
        "population": "3300",
        "source": "gns_ei",
        "wikidata": "Q215361",
        "wikipedia": "en:Cavan"
      },
      "geometry": {
        "type": "Point",
        "coordinates": [
          -7.3603119,
          53.9911042
        ]
      },
      "id": "node/52269708"
    },
    {
      "type": "Feature",
      "properties": {
        "@id": "node/52269807",
        "alt_name": "Dromcolliher",
        "is_in:county": "Limerick",
        "name": "Dromcollogher",
        "name:en": "Dromcollogher",
        "name:ga": "Drom Collachair",
        "name:ru": "Дромколлихер",
        "place": "town",
        "postal_name": "Dromcolliher",
        "source": "gns_ei",
        "wikidata": "Q4168538",
        "wikipedia": "en:Dromcolliher"
      },
      "geometry": {
        "type": "Point",
        "coordinates": [
          -8.9088061,
          52.3392885
        ]
      },
      "id": "node/52269807"
    },
    {
      "type": "Feature",
      "properties": {
        "@id": "node/52269841",
        "gns:ADM1": "24",
        "gns:CC1": "EI",
        "gns:DMS_LAT": "534700",
        "gns:DMS_LONG": "-80600",
        "gns:DSG": "PPL",
        "gns:FC": "P",
        "gns:JOG": "NN29-08",
        "gns:LAT": "53.783333",
        "gns:LONG": "-8.1",
        "gns:MGRS": "29UNV5930059791",
        "gns:N:eng:FULL_NAME": "Strokestown",
        "gns:N:eng:FULL_NAME_ND": "Strokestown",
        "gns:N:eng:LC": "eng",
        "gns:N:eng:MODIFY_DATE": "1998-02-13",
        "gns:N:eng:NT": "N",
        "gns:N:eng:SORT_NAME": "STROKESTOWN",
        "gns:N:gle:FULL_NAME": "Béal na mBuillí",
        "gns:N:gle:FULL_NAME_ND": "Beal na mBuilli",
        "gns:N:gle:LC": "gle",
        "gns:N:gle:MODIFY_DATE": "1998-02-13",
        "gns:N:gle:NT": "N",
        "gns:N:gle:SORT_NAME": "BEALNAMBUILLI",
        "gns:RC": "1",
        "gns:UFI": "-1505810",
        "gns:UNI": "451764",
        "name": "Strokestown",
        "name:en": "Strokestown",
        "name:ga": "Béal na mBuillí",
        "note": "Experimental import of Irish places and POIs from GNS Dataset",
        "place": "town",
        "place_county": "Roscommon",
        "source": "gns_ei",
        "wikidata": "Q2530386",
        "wikipedia": "en:Strokestown"
      },
      "geometry": {
        "type": "Point",
        "coordinates": [
          -8.1022177,
          53.7766267
        ]
      },
      "id": "node/52269841"
    },
    {
      "type": "Feature",
      "properties": {
        "@id": "node/52269859",
        "gns:ADM1": "04",
        "gns:CC1": "EI",
        "gns:DMS_LAT": "514842",
        "gns:DMS_LONG": "-82355",
        "gns:DSG": "PPL",
        "gns:FC": "P",
        "gns:JOG": "NM29-03",
        "gns:LAT": "51.811667",
        "gns:LONG": "-8.398611",
        "gns:MGRS": "29UNT4145940263",
        "gns:N:eng:FULL_NAME": "Carrigaline",
        "gns:N:eng:FULL_NAME_ND": "Carrigaline",
        "gns:N:eng:LC": "eng",
        "gns:N:eng:MODIFY_DATE": "1997-10-21",
        "gns:N:eng:NT": "N",
        "gns:N:eng:SORT_NAME": "CARRIGALINE",
        "gns:N:gle:FULL_NAME": "Carraig Uí Leighin",
        "gns:N:gle:FULL_NAME_ND": "Carraig Ui Leighin",
        "gns:N:gle:LC": "gle",
        "gns:N:gle:MODIFY_DATE": "1997-10-21",
        "gns:N:gle:NT": "N",
        "gns:N:gle:SORT_NAME": "CARRAIGUILEIGHIN",
        "gns:RC": "1",
        "gns:UFI": "-1501409",
        "gns:UNI": "415437",
        "is_in": "County Cork",
        "name": "Carrigaline",
        "name:en": "Carrigaline",
        "name:ga": "Carraig Uí Leighin",
        "note": "Experimental import of Irish places and POIs from GNS Dataset",
        "place": "town",
        "place_county": "Cork",
        "population": "18239",
        "population:date": "2022-04-03",
        "ref:LOCODE": "IECAE",
        "source": "gns_ei",
        "source:population": "CSO 2022",
        "wikidata": "Q1756344"
      },
      "geometry": {
        "type": "Point",
        "coordinates": [
          -8.3922675,
          51.8149556
        ]
      },
      "id": "node/52269859"
    },
    {
      "type": "Feature",
      "properties": {
        "@id": "node/52270078",
        "gns:ADM1": "27",
        "gns:CC1": "EI",
        "gns:DMS_LAT": "521235",
        "gns:DMS_LONG": "-72533",
        "gns:DSG": "PPL",
        "gns:FC": "P",
        "gns:JOG": "NN29-12",
        "gns:LAT": "52.209722",
        "gns:LONG": "-7.425833",
        "gns:MGRS": "29UPT0755885532",
        "gns:N:eng:FULL_NAME": "Kilmacthomas",
        "gns:N:eng:FULL_NAME_ND": "Kilmacthomas",
        "gns:N:eng:LC": "eng",
        "gns:N:eng:MODIFY_DATE": "1997-12-15",
        "gns:N:eng:NT": "N",
        "gns:N:eng:SORT_NAME": "KILMACTHOMAS",
        "gns:N:gle:FULL_NAME": "Coill Mhic Thomáisín",
        "gns:N:gle:FULL_NAME_ND": "Coill Mhic Thomaisin",
        "gns:N:gle:LC": "gle",
        "gns:N:gle:MODIFY_DATE": "1997-12-15",
        "gns:N:gle:NT": "N",
        "gns:N:gle:SORT_NAME": "COILLMHICTHOMAISIN",
        "gns:RC": "1",
        "gns:UFI": "-1503848",
        "gns:UNI": "415874",
        "name": "Kilmacthomas",
        "name:en": "Kilmacthomas",
        "name:ga": "Coill Mhic Thomáisín",
        "note": "Experimental import of Irish places and POIs from GNS Dataset",
        "place": "town",
        "place_county": "Waterford",
        "source": "gns_ei",
        "wikidata": "Q3775966"
      },
      "geometry": {
        "type": "Point",
        "coordinates": [
          -7.4246616,
          52.206047
        ]
      },
      "id": "node/52270078"
    },
    {
      "type": "Feature",
      "properties": {
        "@id": "node/52270304",
        "is_in": "County Dublin, Ireland, Europe",
        "is_in:country": "Ireland",
        "is_in:county": "Dublin",
        "name": "Blanchardstown",
        "name:en": "Blanchardstown",
        "name:ga": "Baile Bhlainséir",
        "place": "town",
        "place_county": "Dublin",
        "population": "68156",
        "wikidata": "Q496387",
        "wikipedia": "en:Blanchardstown"
      },
      "geometry": {
        "type": "Point",
        "coordinates": [
          -6.3829415,
          53.3844588
        ]
      },
      "id": "node/52270304"
    },
    {
      "type": "Feature",
      "properties": {
        "@id": "node/52270374",
        "gns:ADM1": "15",
        "gns:CC1": "EI",
        "gns:DMS_LAT": "530944",
        "gns:DMS_LONG": "-71128",
        "gns:DSG": "PPL",
        "gns:FC": "P",
        "gns:JOG": "NN29-09",
        "gns:LAT": "53.162222",
        "gns:LONG": "-7.191111",
        "gns:MGRS": "29UPU2093491845",
        "gns:N:eng:FULL_NAME": "Portarlington",
        "gns:N:eng:FULL_NAME_ND": "Portarlington",
        "gns:N:eng:LC": "eng",
        "gns:N:eng:MODIFY_DATE": "1999-02-24",
        "gns:N:eng:NT": "N",
        "gns:N:eng:SORT_NAME": "PORTARLINGTON",
        "gns:N:gle:FULL_NAME": "Cúil an tSúdaire",
        "gns:N:gle:FULL_NAME_ND": "Cuil an tSudaire",
        "gns:N:gle:LC": "gle",
        "gns:N:gle:MODIFY_DATE": "1999-02-24",
        "gns:N:gle:NT": "N",
        "gns:N:gle:SORT_NAME": "CUILANTSUDAIRE",
        "gns:RC": "1",
        "gns:UFI": "-1505106",
        "gns:UNI": "-2148137",
        "is_in": "County Laois",
        "name": "Portarlington",
        "name:en": "Portarlington",
        "name:ga": "Cúil an tSúdaire",
        "name:ru": "Портарлингтон",
        "note": "Experimental import of Irish places and POIs from GNS Dataset",
        "place": "town",
        "place_county": "Laois",
        "population": "9288",
        "population:date": "2022-04-03",
        "source": "gns_ei",
        "source:population": "CSO 2022",
        "wikidata": "Q1989246",
        "wikipedia": "en:Portarlington, County Laois"
      },
      "geometry": {
        "type": "Point",
        "coordinates": [
          -7.191111,
          53.162222
        ]
      },
      "id": "node/52270374"
    },
    {
      "type": "Feature",
      "properties": {
        "@id": "node/52270591",
        "name": "Gorey",
        "name:en": "Gorey",
        "name:ga": "Guaire",
        "name:ru": "Гори",
        "place": "town",
        "population": "11517",
        "population:date": "2022-04-03",
        "source:population": "CSO 2022",
        "wikidata": "Q1004664",
        "wikipedia": "en:Gorey"
      },
      "geometry": {
        "type": "Point",
        "coordinates": [
          -6.292752,
          52.676135
        ]
      },
      "id": "node/52270591"
    },
    {
      "type": "Feature",
      "properties": {
        "@id": "node/52271669",
        "is_in": "County Donegal",
        "name": "Ardara",
        "name:en": "Ardara",
        "name:ga": "Ard an Rátha",
        "name:ru": "Ардара",
        "note": "Experimental import of Irish places and POIs from GNS Dataset",
        "place": "town",
        "place_county": "Donegal",
        "source": "gns_ei",
        "wikidata": "Q638551"
      },
      "geometry": {
        "type": "Point",
        "coordinates": [
          -8.4105918,
          54.7636255
        ]
      },
      "id": "node/52271669"
    },
    {
      "type": "Feature",
      "properties": {
        "@id": "node/52271772",
        "gns:ADM1": "29",
        "gns:CC1": "EI",
        "gns:DMS_LAT": "532600",
        "gns:DMS_LONG": "-75700",
        "gns:DSG": "PPL",
        "gns:FC": "P",
        "gns:JOG": "NN29-09",
        "gns:LAT": "53.433333",
        "gns:LONG": "-7.95",
        "gns:MGRS": "29UNV6975720990",
        "gns:N:eng:FULL_NAME": "Athlone",
        "gns:N:eng:FULL_NAME_ND": "Athlone",
        "gns:N:eng:LC": "eng",
        "gns:N:eng:MODIFY_DATE": "2001-06-26",
        "gns:N:eng:NT": "N",
        "gns:N:eng:SORT_NAME": "ATHLONE",
        "gns:N:gle:FULL_NAME": "Baile Átha Luain",
        "gns:N:gle:FULL_NAME_ND": "Baile Atha Luain",
        "gns:N:gle:LC": "gle",
        "gns:N:gle:MODIFY_DATE": "2001-06-26",
        "gns:N:gle:NT": "N",
        "gns:N:gle:SORT_NAME": "BAILEATHALUAIN",
        "gns:PC": "4",
        "gns:POP": "8200",
        "gns:RC": "1",
        "gns:UFI": "-1500280",
        "gns:UNI": "-2142005",
        "name": "Athlone",
        "name:br": "Baile Átha Luain",
        "name:en": "Athlone",
        "name:ga": "Baile Átha Luain",
        "name:ru": "Атлон",
        "name:sr": "Атлон",
        "note": "Experimental import of Irish places and POIs from GNS Dataset",
        "place": "town",
        "place_county": "Westmeath",
        "population": "8200",
        "source": "gns_ei",
        "source:name:br": "wikidata",
        "wikidata": "Q369911",
        "wikipedia": "en:Athlone"
      },
      "geometry": {
        "type": "Point",
        "coordinates": [
          -7.9425897,
          53.4228434
        ]
      },
      "id": "node/52271772"
    },
    {
      "type": "Feature",
      "properties": {
        "@id": "node/60791902",
        "name": "Longford",
        "name:en": "Longford",
        "name:ga": "An Longfort",
        "name:ru": "Лонгфорд",
        "note": "Experimental import of Irish places and POIs from GNS Dataset",
        "place": "town",
        "place_county": "Longford",
        "population": "6400",
        "source": "gns_ei",
        "wikidata": "Q645623",
        "wikipedia": "en:Longford"
      },
      "geometry": {
        "type": "Point",
        "coordinates": [
          -7.7963816,
          53.7278
        ]
      },
      "id": "node/60791902"
    },
    {
      "type": "Feature",
      "properties": {
        "@id": "node/267762401",
        "gns:ADM1": "00",
        "gns:CC1": "UK",
        "gns:DMS_LAT": "543000",
        "gns:DMS_LONG": "-55600",
        "gns:DSG": "PPL",
        "gns:FC": "P",
        "gns:JOG": "NN30-04",
        "gns:LAT": "54.5",
        "gns:LONG": "-5.933333",
        "gns:MGRS": "30UUF1006043114",
        "gns:N:xx:FULL_NAME": "Carryduff",
        "gns:N:xx:FULL_NAME_ND": "Carryduff",
        "gns:N:xx:MODIFY_DATE": "1994-01-13",
        "gns:N:xx:NT": "N",
        "gns:N:xx:SORT_NAME": "CARRYDUFF",
        "gns:RC": "1",
        "gns:UFI": "-2591944",
        "gns:UNI": "-3565863",
        "name": "Carryduff",
        "name:ga": "Ceathrú Aodha Dhuibh",
        "name:mk": "Каридаф",
        "note": "Import of NI places and POIs from GNS Dataset",
        "place": "town",
        "population": "6595",
        "source": "gns_ni"
      },
      "geometry": {
        "type": "Point",
        "coordinates": [
          -5.8874586,
          54.5184788
        ]
      },
      "id": "node/267762401"
    },
    {
      "type": "Feature",
      "properties": {
        "@id": "node/267762434",
        "gns:ADM1": "00",
        "gns:CC1": "UK",
        "gns:DMS_LAT": "543500",
        "gns:DMS_LONG": "-54800",
        "gns:DSG": "PPL",
        "gns:FC": "P",
        "gns:JOG": "NN30-04",
        "gns:LAT": "54.583333",
        "gns:LONG": "-5.8",
        "gns:MGRS": "30UUF1906052031",
        "gns:N:xx:FULL_NAME": "Dundonald",
        "gns:N:xx:FULL_NAME_ND": "Dundonald",
        "gns:N:xx:MODIFY_DATE": "1994-01-13",
        "gns:N:xx:NT": "N",
        "gns:N:xx:SORT_NAME": "DUNDONALD",
        "gns:RC": "1",
        "gns:UFI": "-2594862",
        "gns:UNI": "-3569534",
        "name": "Dundonald",
        "name:ga": "Dún Dónaill",
        "name:mk": "Дандоналд",
        "note": "Import of NI places and POIs from GNS Dataset",
        "place": "town",
        "population": "16098",
        "source": "gns_ni",
        "wikidata": "Q116756"
      },
      "geometry": {
        "type": "Point",
        "coordinates": [
          -5.8105342,
          54.5947412
        ]
      },
      "id": "node/267762434"
    },
    {
      "type": "Feature",
      "properties": {
        "@id": "node/267762451",
        "gns:ADM1": "00",
        "gns:CC1": "UK",
        "gns:DMS_LAT": "540400",
        "gns:DMS_LONG": "-60100",
        "gns:DSG": "PPL",
        "gns:FC": "P",
        "gns:JOG": "NN29-06",
        "gns:LAT": "54.066667",
        "gns:LONG": "-6.016667",
        "gns:MGRS": "29UPV9521695056",
        "gns:N:xx:FULL_NAME": "Kilkeel",
        "gns:N:xx:FULL_NAME_ND": "Kilkeel",
        "gns:N:xx:MODIFY_DATE": "1994-01-13",
        "gns:N:xx:NT": "N",
        "gns:N:xx:SORT_NAME": "KILKEEL",
        "gns:RC": "1",
        "gns:UFI": "-2599968",
        "gns:UNI": "-3575748",
        "is_in:country": "Northern Ireland",
        "name": "Kilkeel",
        "name:ga": "Cill Chaoil",
        "name:mk": "Килкил",
        "name:sco": "Kirkeil",
        "note": "Import of NI places and POIs from GNS Dataset",
        "place": "town",
        "population": "6338",
        "source": "gns_ni",
        "wikidata": "Q84109"
      },
      "geometry": {
        "type": "Point",
        "coordinates": [
          -6.0059949,
          54.0626664
        ]
      },
      "id": "node/267762451"
    },
    {
      "type": "Feature",
      "properties": {
        "@id": "node/267762485",
        "fixme": "Should this not be part of the area rather than a node?",
        "name": "Antrim",
        "name:en": "Antrim",
        "name:ga": "Aontroim",
        "name:mk": "Антрим",
        "place": "town",
        "population": "20001",
        "source": "gns_ni",
        "wikidata": "Q609235",
        "wikipedia": "en:Antrim, County Antrim"
      },
      "geometry": {
        "type": "Point",
        "coordinates": [
          -6.2192038,
          54.715139
        ]
      },
      "id": "node/267762485"
    },
    {
      "type": "Feature",
      "properties": {
        "@id": "node/267762533",
        "gns:ADM1": "T4",
        "gns:CC1": "UK",
        "gns:DMS_LAT": "544800",
        "gns:DMS_LONG": "-72800",
        "gns:DSG": "PPLA",
        "gns:FC": "P",
        "gns:JOG": "NN29-06",
        "gns:LAT": "54.8",
        "gns:LONG": "-7.466667",
        "gns:MGRS": "29UNA9856873614",
        "gns:N:xx:FULL_NAME": "Strabane",
        "gns:N:xx:FULL_NAME_ND": "Strabane",
        "gns:N:xx:MODIFY_DATE": "2004-10-06",
        "gns:N:xx:NT": "N",
        "gns:N:xx:SORT_NAME": "STRABANE",
        "gns:RC": "1",
        "gns:UFI": "-2608908",
        "gns:UNI": "-3586772",
        "name": "Strabane",
        "name:ga": "An Srath Bán",
        "name:gd": "An Srath Bàn",
        "name:mk": "Страбан",
        "note": "Import of NI places and POIs from GNS Dataset",
        "place": "town",
        "population": "16670",
        "source": "gns_ni",
        "wikidata": "Q1027659",
        "wikipedia": "en:Strabane"
      },
      "geometry": {
        "type": "Point",
        "coordinates": [
          -7.4627993,
          54.826115
        ]
      },
      "id": "node/267762533"
    },
    {
      "type": "Feature",
      "properties": {
        "@id": "node/267762560",
        "gns:ADM1": "R2",
        "gns:CC1": "UK",
        "gns:DMS_LAT": "542100",
        "gns:DMS_LONG": "-61700",
        "gns:DSG": "PPLA",
        "gns:FC": "P",
        "gns:JOG": "NN29-06",
        "gns:LAT": "54.35",
        "gns:LONG": "-6.283333",
        "gns:MGRS": "29UPA7655825866",
        "gns:N:xx:FULL_NAME": "Banbridge",
        "gns:N:xx:FULL_NAME_ND": "Banbridge",
        "gns:N:xx:MODIFY_DATE": "2004-10-06",
        "gns:N:xx:NT": "N",
        "gns:N:xx:SORT_NAME": "BANBRIDGE",
        "gns:RC": "1",
        "gns:UFI": "-2589184",
        "gns:UNI": "-3562438",
        "is_in:country": "Northern Ireland",
        "name": "Banbridge",
        "name:ga": "Droichead na Banna",
        "name:mk": "Бенбриџ",
        "note": "Import of NI places and POIs from GNS Dataset",
        "place": "town",
        "population": "16653",
        "source": "gns_ni",
        "wikidata": "Q58270",
        "wikipedia": "en:Banbridge"
      },
      "geometry": {
        "type": "Point",
        "coordinates": [
          -6.2714623,
          54.3514168
        ]
      },
      "id": "node/267762560"
    },
    {
      "type": "Feature",
      "properties": {
        "@id": "node/267762565",
        "gns:ADM1": "00",
        "gns:CC1": "UK",
        "gns:DMS_LAT": "543300",
        "gns:DMS_LONG": "-54200",
        "gns:DSG": "PPL",
        "gns:FC": "P",
        "gns:JOG": "NN30-04",
        "gns:LAT": "54.55",
        "gns:LONG": "-5.7",
        "gns:MGRS": "30UUF2537848070",
        "gns:N:xx:FULL_NAME": "Comber",
        "gns:N:xx:FULL_NAME_ND": "Comber",
        "gns:N:xx:MODIFY_DATE": "1994-01-13",
        "gns:N:xx:NT": "N",
        "gns:N:xx:SORT_NAME": "COMBER",
        "gns:RC": "1",
        "gns:UFI": "-2593102",
        "gns:UNI": "-3567297",
        "name": "Comber",
        "name:ga": "An Comar",
        "name:mk": "Комбер",
        "name:sco": "Commer",
        "note": "Import of NI places and POIs from GNS Dataset",
        "place": "town",
        "population": "9078",
        "source": "gns_ni",
        "wikidata": "Q116787"
      },
      "geometry": {
        "type": "Point",
        "coordinates": [
          -5.7454313,
          54.5498342
        ]
      },
      "id": "node/267762565"
    },
    {
      "type": "Feature",
      "properties": {
        "@id": "node/267762588",
        "gns:ADM1": "R7",
        "gns:CC1": "UK",
        "gns:DMS_LAT": "543900",
        "gns:DMS_LONG": "-64500",
        "gns:DSG": "PPLA",
        "gns:FC": "P",
        "gns:JOG": "NN29-06",
        "gns:LAT": "54.65",
        "gns:LONG": "-6.75",
        "gns:MGRS": "29UPA4516758170",
        "gns:N:xx:FULL_NAME": "Cookstown",
        "gns:N:xx:FULL_NAME_ND": "Cookstown",
        "gns:N:xx:MODIFY_DATE": "2004-10-06",
        "gns:N:xx:NT": "N",
        "gns:N:xx:SORT_NAME": "COOKSTOWN",
        "gns:RC": "1",
        "gns:UFI": "-2593190",
        "gns:UNI": "-3567410",
        "name": "Cookstown",
        "name:ga": "An Chorr Chríochach",
        "name:mk": "Кукстаун",
        "note": "Import of NI places and POIs from GNS Dataset",
        "place": "town",
        "population": "10646",
        "source": "gns_ni",
        "wikidata": "Q1129639",
        "wikipedia": "en:Cookstown"
      },
      "geometry": {
        "type": "Point",
        "coordinates": [
          -6.7416008,
          54.6436734
        ]
      },
      "id": "node/267762588"
    },
    {
      "type": "Feature",
      "properties": {
        "@id": "node/267762604",
        "gns:ADM1": "00",
        "gns:CC1": "UK",
        "gns:DMS_LAT": "543800",
        "gns:DMS_LONG": "-53200",
        "gns:DSG": "PPL",
        "gns:FC": "P",
        "gns:JOG": "NN30-04",
        "gns:LAT": "54.633333",
        "gns:LONG": "-5.533333",
        "gns:MGRS": "30UUF3649056939",
        "gns:N:xx:FULL_NAME": "Donaghadee",
        "gns:N:xx:FULL_NAME_ND": "Donaghadee",
        "gns:N:xx:MODIFY_DATE": "1994-01-13",
        "gns:N:xx:NT": "N",
        "gns:N:xx:SORT_NAME": "DONAGHADEE",
        "gns:RC": "1",
        "gns:UFI": "-2594476",
        "gns:UNI": "-3569050",
        "is_in": "County Down",
        "name": "Donaghadee",
        "name:ga": "Domhnach Daoi",
        "name:mk": "Донахади",
        "note": "Import of NI places and POIs from GNS Dataset",
        "place": "town",
        "population": "6869",
        "source": "gns_ni",
        "wikidata": "Q2421009"
      },
      "geometry": {
        "type": "Point",
        "coordinates": [
          -5.5375794,
          54.6425446
        ]
      },
      "id": "node/267762604"
    },
    {
      "type": "Feature",
      "properties": {
        "@id": "node/267762608",
        "gns:ADM1": "00",
        "gns:CC1": "UK",
        "gns:DMS_LAT": "542600",
        "gns:DMS_LONG": "-62700",
        "gns:DSG": "PPL",
        "gns:FC": "P",
        "gns:JOG": "NN29-06",
        "gns:LAT": "54.433333",
        "gns:LONG": "-6.45",
        "gns:MGRS": "29UPA6539334731",
        "gns:N:xx:FULL_NAME": "Portadown",
        "gns:N:xx:FULL_NAME_ND": "Portadown",
        "gns:N:xx:MODIFY_DATE": "1994-01-13",
        "gns:N:xx:NT": "N",
        "gns:N:xx:SORT_NAME": "PORTADOWN",
        "gns:RC": "1",
        "gns:UFI": "-2605557",
        "gns:UNI": "-3582643",
        "gns:V:xx:FULL_NAME": "Portavogie",
        "gns:V:xx:FULL_NAME_ND": "Portavogie",
        "gns:V:xx:MODIFY_DATE": "1994-01-13",
        "gns:V:xx:NT": "V",
        "gns:V:xx:SORT_NAME": "PORTAVOGIE",
        "is_in:country": "Northern Ireland",
        "logainm:ref": "136068",
        "logainm:url": "https://www.logainm.ie/136068.aspx",
        "name": "Portadown",
        "name:ga": "Port an Dúnáin",
        "name:mk": "Портадаун",
        "note": "Import of NI places and POIs from GNS Dataset",
        "place": "town",
        "population": "22000",
        "source": "gns_ni",
        "wikidata": "Q768714",
        "wikipedia": "en:Portadown"
      },
      "geometry": {
        "type": "Point",
        "coordinates": [
          -6.4412133,
          54.4242284
        ]
      },
      "id": "node/267762608"
    },
    {
      "type": "Feature",
      "properties": {
        "@id": "node/267762677",
        "alt_name:mk": "Марафелт",
        "gns:ADM1": "S7",
        "gns:CC1": "UK",
        "gns:DMS_LAT": "544600",
        "gns:DMS_LONG": "-63600",
        "gns:DSG": "PPLA",
        "gns:FC": "P",
        "gns:JOG": "NN29-06",
        "gns:LAT": "54.766667",
        "gns:LONG": "-6.6",
        "gns:MGRS": "29UPA5439971469",
        "gns:N:xx:FULL_NAME": "Magherafelt",
        "gns:N:xx:FULL_NAME_ND": "Magherafelt",
        "gns:N:xx:MODIFY_DATE": "2004-10-06",
        "gns:N:xx:NT": "N",
        "gns:N:xx:SORT_NAME": "MAGHERAFELT",
        "gns:RC": "1",
        "gns:UFI": "-2602427",
        "gns:UNI": "-3578799",
        "is_in": "County Londonderry",
        "name": "Magherafelt",
        "name:ga": "Machaire Fíolta",
        "name:mk": "Махерафелт",
        "name:sco": "Macherafelt",
        "note": "Import of NI places and POIs from GNS Dataset",
        "place": "town",
        "population": "8372",
        "source": "gns_ni",
        "wikidata": "Q1854188",
        "wikipedia": "en:Magherafelt"
      },
      "geometry": {
        "type": "Point",
        "coordinates": [
          -6.6078073,
          54.7544757
        ]
      },
      "id": "node/267762677"
    },
    {
      "type": "Feature",
      "properties": {
        "@id": "node/267762719",
        "gns:ADM1": "R9",
        "gns:CC1": "UK",
        "gns:DMS_LAT": "541900",
        "gns:DMS_LONG": "-54200",
        "gns:DSG": "PPLA",
        "gns:FC": "P",
        "gns:JOG": "NN30-04",
        "gns:LAT": "54.316667",
        "gns:LONG": "-5.7",
        "gns:MGRS": "30UUF2438322117",
        "gns:N:xx:FULL_NAME": "Downpatrick",
        "gns:N:xx:FULL_NAME_ND": "Downpatrick",
        "gns:N:xx:MODIFY_DATE": "2004-10-06",
        "gns:N:xx:NT": "N",
        "gns:N:xx:SORT_NAME": "DOWNPATRICK",
        "gns:RC": "1",
        "gns:UFI": "-2594587",
        "gns:UNI": "-3569185",
        "name": "Downpatrick",
        "name:ga": "Dún Pádraig",
        "name:gd": "Dùn Phàdraig",
        "name:mk": "Даунпатрик",
        "note": "Import of NI places and POIs from GNS Dataset",
        "place": "town",
        "population": "10822",
        "source": "gns_ni",
        "wikidata": "Q1024917",
        "wikipedia": "en:Downpatrick"
      },
      "geometry": {
        "type": "Point",
        "coordinates": [
          -5.71649,
          54.3279335
        ]
      },
      "id": "node/267762719"
    },
    {
      "type": "Feature",
      "properties": {
        "@id": "node/267762733",
        "name": "Limavady",
        "name:ga": "Léim an Mhadaidh",
        "name:gd": "Leum a' Mhadaidh",
        "name:mk": "Лимавади",
        "name:sco": "Limavadie",
        "note": "Import of NI places and POIs from GNS Dataset",
        "place": "town",
        "population": "12043",
        "source": "gns_ni",
        "wikidata": "Q1002115",
        "wikipedia": "en:Limavady"
      },
      "geometry": {
        "type": "Point",
        "coordinates": [
          -6.9505134,
          55.0504857
        ]
      },
      "id": "node/267762733"
    },
    {
      "type": "Feature",
      "properties": {
        "@id": "node/267762755",
        "gns:ADM1": "00",
        "gns:CC1": "UK",
        "gns:DMS_LAT": "542800",
        "gns:DMS_LONG": "-54700",
        "gns:DSG": "PPL",
        "gns:FC": "P",
        "gns:JOG": "NN30-04",
        "gns:LAT": "54.466667",
        "gns:LONG": "-5.783333",
        "gns:MGRS": "30UUF1962339012",
        "gns:N:xx:FULL_NAME": "Saintfield",
        "gns:N:xx:FULL_NAME_ND": "Saintfield",
        "gns:N:xx:MODIFY_DATE": "1994-01-13",
        "gns:N:xx:NT": "N",
        "gns:N:xx:SORT_NAME": "SAINTFIELD",
        "gns:RC": "1",
        "gns:UFI": "-2606845",
        "gns:UNI": "-3584238",
        "name": "Saintfield",
        "name:ga": "Tamhnaigh Naomh",
        "name:mk": "Сентфилд",
        "note": "Import of NI places and POIs from GNS Dataset",
        "place": "town",
        "source": "gns_ni",
        "wikidata": "Q58097"
      },
      "geometry": {
        "type": "Point",
        "coordinates": [
          -5.8325813,
          54.4603955
        ]
      },
      "id": "node/267762755"
    },
    {
      "type": "Feature",
      "properties": {
        "@id": "node/267762797",
        "gns:ADM1": "00",
        "gns:CC1": "UK",
        "gns:DMS_LAT": "544500",
        "gns:DMS_LONG": "-61800",
        "gns:DSG": "PPL",
        "gns:FC": "P",
        "gns:JOG": "NN29-06",
        "gns:LAT": "54.75",
        "gns:LONG": "-6.3",
        "gns:MGRS": "29UPA7376670317",
        "gns:N:xx:FULL_NAME": "Randalstown",
        "gns:N:xx:FULL_NAME_ND": "Randalstown",
        "gns:N:xx:MODIFY_DATE": "1994-01-13",
        "gns:N:xx:NT": "N",
        "gns:N:xx:SORT_NAME": "RANDALSTOWN",
        "gns:RC": "1",
        "gns:UFI": "-2605989",
        "gns:UNI": "-3583172",
        "name": "Randalstown",
        "name:ga": "Baile Raghnaill",
        "name:mk": "Рандалстаун",
        "name:sco": "Randalstoon",
        "note": "Import of NI places and POIs from GNS Dataset",
        "place": "town",
        "population": "5099",
        "source": "gns_ni",
        "wikidata": "Q1249441"
      },
      "geometry": {
        "type": "Point",
        "coordinates": [
          -6.3197638,
          54.7498918
        ]
      },
      "id": "node/267762797"
    },
    {
      "type": "Feature",
      "properties": {
        "@id": "node/267762825",
        "gns:ADM1": "00",
        "gns:CC1": "UK",
        "gns:DMS_LAT": "544200",
        "gns:DMS_LONG": "-73600",
        "gns:DSG": "PPL",
        "gns:FC": "P",
        "gns:JOG": "NN29-06",
        "gns:LAT": "54.7",
        "gns:LONG": "-7.6",
        "gns:MGRS": "29UNA9022062308",
        "gns:N:xx:FULL_NAME": "Castlederg",
        "gns:N:xx:FULL_NAME_ND": "Castlederg",
        "gns:N:xx:MODIFY_DATE": "1994-01-13",
        "gns:N:xx:NT": "N",
        "gns:N:xx:SORT_NAME": "CASTLEDERG",
        "gns:RC": "1",
        "gns:UFI": "-2592007",
        "gns:UNI": "-3565936",
        "name": "Castlederg",
        "note": "Import of NI places and POIs from GNS Dataset",
        "place": "town",
        "population": "2980",
        "source": "gns_ni",
        "wikidata": "Q3544113"
      },
      "geometry": {
        "type": "Point",
        "coordinates": [
          -7.593125,
          54.7087956
        ]
      },
      "id": "node/267762825"
    },
    {
      "type": "Feature",
      "properties": {
        "@id": "node/267762830",
        "gns:ADM1": "00",
        "gns:CC1": "UK",
        "gns:DMS_LAT": "543800",
        "gns:DMS_LONG": "-54900",
        "gns:DSG": "PPL",
        "gns:FC": "P",
        "gns:JOG": "NN30-04",
        "gns:LAT": "54.633333",
        "gns:LONG": "-5.816667",
        "gns:MGRS": "30UUF1820757635",
        "gns:N:xx:FULL_NAME": "Holywood",
        "gns:N:xx:FULL_NAME_ND": "Holywood",
        "gns:N:xx:MODIFY_DATE": "1994-01-13",
        "gns:N:xx:NT": "N",
        "gns:N:xx:SORT_NAME": "HOLYWOOD",
        "gns:RC": "1",
        "gns:UFI": "-2598954",
        "gns:UNI": "-3574530",
        "is_in": "County Down",
        "name": "Holywood",
        "name:ga": "Ard Mhic Nasca",
        "name:mk": "Холивуд",
        "note": "Import of NI places and POIs from GNS Dataset",
        "place": "town",
        "source": "gns_ni",
        "wikidata": "Q1625366"
      },
      "geometry": {
        "type": "Point",
        "coordinates": [
          -5.8361723,
          54.6404494
        ]
      },
      "id": "node/267762830"
    },
    {
      "type": "Feature",
      "properties": {
        "@id": "node/267762843",
        "name": "Carrickfergus",
        "name:af": "Carrickfergus",
        "name:arz": "كاريكفرجس",
        "name:bg": "Карикфъргъс",
        "name:ca": "Carrickfergus",
        "name:ceb": "Carrickfergus",
        "name:cs": "Carrickfergus",
        "name:da": "Carrickfergus",
        "name:de": "Carrickfergus",
        "name:en": "Carrickfergus",
        "name:es": "Carrickfergus",
        "name:eu": "Carrickfergus",
        "name:fa": "کاریکفرگوس",
        "name:fr": "Carrickfergus",
        "name:ga": "Carraig Fhearghais",
        "name:gd": "Carraig Fhearghais",
        "name:it": "Carrickfergus",
        "name:ko": "캐릭퍼거스",
        "name:la": "Rupes Fergusii",
        "name:lt": "Karikfergusas",
        "name:mk": "Карикфергус",
        "name:ms": "Carrickfergus",
        "name:nl": "Carrickfergus",
        "name:nn": "Carrickfergus",
        "name:pl": "Carrickfergus",
        "name:ru": "Каррикфергус",
        "name:sv": "Carrickfergus",
        "name:ur": "کیرکفیرگس",
        "name:yue": "卡域克費格斯",
        "name:zh": "卡里克弗格斯",
        "place": "town",
        "population": "27903",
        "wikidata": "Q1020354",
        "wikipedia": "en:Carrickfergus"
      },
      "geometry": {
        "type": "Point",
        "coordinates": [
          -5.8073112,
          54.7136165
        ]
      },
      "id": "node/267762843"
    },
    {
      "type": "Feature",
      "properties": {
        "@id": "node/267762846",
        "gns:ADM1": "S3",
        "gns:CC1": "UK",
        "gns:DMS_LAT": "545100",
        "gns:DMS_LONG": "-54900",
        "gns:DSG": "PPLA",
        "gns:FC": "P",
        "gns:JOG": "NN30-04",
        "gns:LAT": "54.85",
        "gns:LONG": "-5.816667",
        "gns:MGRS": "30UUF1917581735",
        "gns:N:xx:FULL_NAME": "Larne",
        "gns:N:xx:FULL_NAME_ND": "Larne",
        "gns:N:xx:MODIFY_DATE": "2004-10-06",
        "gns:N:xx:NT": "N",
        "gns:N:xx:SORT_NAME": "LARNE",
        "gns:RC": "1",
        "gns:UFI": "-2600779",
        "gns:UNI": "-3576762",
        "name": "Larne",
        "name:ga": "Latharna",
        "name:gd": "Latharna na h-Èireann",
        "name:mk": "Ларн",
        "note": "Import of NI places and POIs from GNS Dataset",
        "place": "town",
        "population": "32180",
        "source": "gns_ni",
        "wikidata": "Q935686",
        "wikipedia": "en:Larne"
      },
      "geometry": {
        "type": "Point",
        "coordinates": [
          -5.8183116,
          54.8508458
        ]
      },
      "id": "node/267762846"
    },
    {
      "type": "Feature",
      "properties": {
        "@id": "node/267762878",
        "name": "Dungannon",
        "name:ga": "Dún Geanainn",
        "name:mk": "Данганон",
        "note": "Import of NI places and POIs from GNS Dataset",
        "place": "town",
        "population": "15889",
        "source": "gns_ni",
        "wikidata": "Q1025602",
        "wikipedia": "en:Dungannon"
      },
      "geometry": {
        "type": "Point",
        "coordinates": [
          -6.7703622,
          54.5039088
        ]
      },
      "id": "node/267762878"
    },
    {
      "type": "Feature",
      "properties": {
        "@id": "node/267762896",
        "gns:ADM1": "00",
        "gns:CC1": "UK",
        "gns:DMS_LAT": "541200",
        "gns:DMS_LONG": "-55300",
        "gns:DSG": "PPL",
        "gns:FC": "P",
        "gns:JOG": "NN30-04",
        "gns:LAT": "54.2",
        "gns:LONG": "-5.883333",
        "gns:MGRS": "30UUF1193109614",
        "gns:N:xx:FULL_NAME": "Newcastle",
        "gns:N:xx:FULL_NAME_ND": "Newcastle",
        "gns:N:xx:MODIFY_DATE": "1994-01-13",
        "gns:N:xx:NT": "N",
        "gns:N:xx:SORT_NAME": "NEWCASTLE",
        "gns:RC": "1",
        "gns:UFI": "-2603961",
        "gns:UNI": "-3580699",
        "is_in:country": "Northern Ireland",
        "name": "Newcastle",
        "name:ga": "An Caisleán Nua",
        "name:mk": "Њукасл",
        "note": "Import of NI places and POIs from GNS Dataset",
        "place": "town",
        "population": "7444",
        "source": "gns_ni",
        "wikidata": "Q1973774"
      },
      "geometry": {
        "type": "Point",
        "coordinates": [
          -5.8897216,
          54.2118323
        ]
      },
      "id": "node/267762896"
    },
    {
      "type": "Feature",
      "properties": {
        "@id": "node/267762965",
        "gns:ADM1": "00",
        "gns:CC1": "UK",
        "gns:DMS_LAT": "543200",
        "gns:DMS_LONG": "-64200",
        "gns:DSG": "PPL",
        "gns:FC": "P",
        "gns:JOG": "NN29-06",
        "gns:LAT": "54.533333",
        "gns:LONG": "-6.7",
        "gns:MGRS": "29UPA4881745296",
        "gns:N:xx:FULL_NAME": "Coalisland",
        "gns:N:xx:FULL_NAME_ND": "Coalisland",
        "gns:N:xx:MODIFY_DATE": "1994-01-13",
        "gns:N:xx:NT": "N",
        "gns:N:xx:SORT_NAME": "COALISLAND",
        "gns:RC": "1",
        "gns:UFI": "-2592904",
        "gns:UNI": "-3567070",
        "is_in:country": "Northern Ireland",
        "name": "Coalisland",
        "name:ga": "Oileán an Ghuail",
        "name:mk": "Коулајленд",
        "note": "Import of NI places and POIs from GNS Dataset",
        "place": "town",
        "population": "4917",
        "source": "gns_ni",
        "wikidata": "Q2503992"
      },
      "geometry": {
        "type": "Point",
        "coordinates": [
          -6.7004879,
          54.5394657
        ]
      },
      "id": "node/267762965"
    },
    {
      "type": "Feature",
      "properties": {
        "@id": "node/267762976",
        "name": "Portrush",
        "name:en": "Portrush",
        "name:ga": "Port Rois",
        "name:mk": "Портраш",
        "place": "town",
        "population": "6454",
        "source:name:ga": "https://admin.opendatani.gov.uk/dataset/osni-open-data-eire-thuaidh-irish-translated-map",
        "wikidata": "Q1027679",
        "wikipedia": "en:Portrush"
      },
      "geometry": {
        "type": "Point",
        "coordinates": [
          -6.6540486,
          55.2060325
        ]
      },
      "id": "node/267762976"
    },
    {
      "type": "Feature",
      "properties": {
        "@id": "node/267762996",
        "gns:ADM1": "Q7",
        "gns:CC1": "UK",
        "gns:DMS_LAT": "543500",
        "gns:DMS_LONG": "-54000",
        "gns:DSG": "PPLA",
        "gns:FC": "P",
        "gns:JOG": "NN30-04",
        "gns:LAT": "54.583333",
        "gns:LONG": "-5.666667",
        "gns:MGRS": "30UUF2767451696",
        "gns:N:xx:FULL_NAME": "Newtownards",
        "gns:N:xx:FULL_NAME_ND": "Newtownards",
        "gns:N:xx:MODIFY_DATE": "2004-10-06",
        "gns:N:xx:NT": "N",
        "gns:N:xx:SORT_NAME": "NEWTOWNARDS",
        "gns:RC": "1",
        "gns:UFI": "-2604120",
        "gns:UNI": "-3580889",
        "is_in": "County Down",
        "name": "Newtownards",
        "name:ga": "Baile nua na hArda",
        "name:mk": "Њутонардс",
        "note": "Import of NI places and POIs from GNS Dataset",
        "place": "town",
        "source": "gns_ni",
        "wikidata": "Q2192709",
        "wikipedia": "en:Newtownards"
      },
      "geometry": {
        "type": "Point",
        "coordinates": [
          -5.6960935,
          54.5933779
        ]
      },
      "id": "node/267762996"
    },
    {
      "type": "Feature",
      "properties": {
        "@id": "node/267763025",
        "name": "Ballyclare",
        "name:en": "Ballyclare",
        "name:ga": "Bealach Cláir",
        "name:mk": "Баликлер",
        "place": "town",
        "population": "9919",
        "wikidata": "Q805403"
      },
      "geometry": {
        "type": "Point",
        "coordinates": [
          -6.0010911,
          54.7525296
        ]
      },
      "id": "node/267763025"
    },
    {
      "type": "Feature",
      "properties": {
        "@id": "node/267763043",
        "name": "Portstewart",
        "name:ga": "Port Stíobhaird",
        "name:mk": "Портстјуарт",
        "place": "town",
        "population": "7803",
        "source:name:ga": "https://admin.opendatani.gov.uk/dataset/osni-open-data-eire-thuaidh-irish-translated-map",
        "wikidata": "Q2239914"
      },
      "geometry": {
        "type": "Point",
        "coordinates": [
          -6.7187008,
          55.1829096
        ]
      },
      "id": "node/267763043"
    },
    {
      "type": "Feature",
      "properties": {
        "@id": "node/267763055",
        "name": "Ballymena",
        "name:en": "Ballymena",
        "name:ga": "Baile Meánach",
        "name:mk": "Балимена",
        "place": "town",
        "population": "31205",
        "population:date": "2021",
        "source:population": "wikipedia",
        "wikidata": "Q805451",
        "wikipedia": "en:Ballymena"
      },
      "geometry": {
        "type": "Point",
        "coordinates": [
          -6.2760159,
          54.8662966
        ]
      },
      "id": "node/267763055"
    },
    {
      "type": "Feature",
      "properties": {
        "@id": "node/267763060",
        "name": "Coleraine",
        "name:ga": "Cúil Raithin",
        "name:gd": "Cùil Raithin",
        "name:mk": "Колрејн",
        "place": "town",
        "population": "24630",
        "source": "gns_ni",
        "wikidata": "Q1108185",
        "wikipedia": "en:Coleraine"
      },
      "geometry": {
        "type": "Point",
        "coordinates": [
          -6.671861,
          55.1315912
        ]
      },
      "id": "node/267763060"
    },
    {
      "type": "Feature",
      "properties": {
        "@id": "node/267763084",
        "gns:ADM1": "R8",
        "gns:CC1": "UK",
        "gns:DMS_LAT": "542800",
        "gns:DMS_LONG": "-62500",
        "gns:DSG": "PPLA",
        "gns:FC": "P",
        "gns:JOG": "NN29-06",
        "gns:LAT": "54.466667",
        "gns:LONG": "-6.416667",
        "gns:MGRS": "29UPA6741838518",
        "gns:N:xx:FULL_NAME": "Craigavon",
        "gns:N:xx:FULL_NAME_ND": "Craigavon",
        "gns:N:xx:MODIFY_DATE": "2004-10-06",
        "gns:N:xx:NT": "N",
        "gns:N:xx:SORT_NAME": "CRAIGAVON",
        "gns:RC": "1",
        "gns:UFI": "9184450",
        "gns:UNI": "9242390",
        "is_in:country": "Northern Ireland",
        "logainm:ref": "136022",
        "logainm:url": "https://www.logainm.ie/136022.aspx",
        "name": "Craigavon",
        "name:ga": "Craigavon",
        "name:mk": "Крејгавон",
        "note": "Import of NI places and POIs from GNS Dataset",
        "place": "town",
        "population": "57651",
        "source": "gns_ni",
        "wikidata": "Q1004085",
        "wikipedia": "en:Craigavon"
      },
      "geometry": {
        "type": "Point",
        "coordinates": [
          -6.3921622,
          54.4507201
        ]
      },
      "id": "node/267763084"
    },
    {
      "type": "Feature",
      "properties": {
        "@id": "node/267763088",
        "gns:ADM1": "00",
        "gns:CC1": "UK",
        "gns:DMS_LAT": "542400",
        "gns:DMS_LONG": "-55300",
        "gns:DSG": "PPL",
        "gns:FC": "P",
        "gns:JOG": "NN30-04",
        "gns:LAT": "54.4",
        "gns:LONG": "-5.883333",
        "gns:MGRS": "30UUF1284131858",
        "gns:N:xx:FULL_NAME": "Ballynahinch",
        "gns:N:xx:FULL_NAME_ND": "Ballynahinch",
        "gns:N:xx:MODIFY_DATE": "1994-01-13",
        "gns:N:xx:NT": "N",
        "gns:N:xx:SORT_NAME": "BALLYNAHINCH",
        "gns:RC": "1",
        "gns:UFI": "-2589108",
        "gns:UNI": "-3562342",
        "name": "Ballynahinch",
        "name:ga": "Baile Na hInse",
        "name:mk": "Балинахинч",
        "note": "Import of NI places and POIs from GNS Dataset",
        "place": "town",
        "source": "gns_ni",
        "source:name:ga": "https://admin.opendatani.gov.uk/dataset/osni-open-data-eire-thuaidh-irish-translated-map",
        "wikidata": "Q58125"
      },
      "geometry": {
        "type": "Point",
        "coordinates": [
          -5.8960151,
          54.4026038
        ]
      },
      "id": "node/267763088"
    },
    {
      "type": "Feature",
      "properties": {
        "@id": "node/267763090",
        "name": "Omagh",
        "name:ga": "An Ómaigh",
        "name:mk": "Ома",
        "note": "Import of NI places and POIs from GNS Dataset",
        "place": "town",
        "population": "21297",
        "source": "gns_ni",
        "wikidata": "Q510513",
        "wikipedia": "en:Omagh"
      },
      "geometry": {
        "type": "Point",
        "coordinates": [
          -7.3029907,
          54.5992486
        ]
      },
      "id": "node/267763090"
    },
    {
      "type": "Feature",
      "properties": {
        "@id": "node/267763099",
        "gns:ADM1": "T1",
        "gns:CC1": "UK",
        "gns:DMS_LAT": "544000",
        "gns:DMS_LONG": "-55200",
        "gns:DSG": "PPLA",
        "gns:FC": "P",
        "gns:JOG": "NN30-04",
        "gns:LAT": "54.666667",
        "gns:LONG": "-5.866667",
        "gns:MGRS": "30UUF1513261474",
        "gns:N:xx:FULL_NAME": "Newtownabbey",
        "gns:N:xx:FULL_NAME_ND": "Newtownabbey",
        "gns:N:xx:MODIFY_DATE": "2004-10-06",
        "gns:N:xx:NT": "N",
        "gns:N:xx:SORT_NAME": "NEWTOWNABBEY",
        "gns:RC": "1",
        "gns:UFI": "-2604119",
        "gns:UNI": "-3580888",
        "name": "Newtownabbey",
        "name:af": "Newtownabbey",
        "name:azb": "نیوتاون‌ابی",
        "name:bg": "Нютаунаби",
        "name:ca": "Newtownabbey",
        "name:ceb": "Newtownabbey",
        "name:de": "Newtownabbey",
        "name:en": "Newtownabbey",
        "name:es": "Newtownabbey",
        "name:eu": "Newtownabbey",
        "name:fa": "نیوتاون‌ابی",
        "name:fr": "Newtownabbey",
        "name:ga": "Baile na Mainistreach",
        "name:gd": "Baile na Mainistreach",
        "name:it": "Newtownabbey",
        "name:ko": "뉴튼애비",
        "name:mk": "Њутонеби",
        "name:ms": "Newtownabbey",
        "name:nl": "Newtownabbey",
        "name:nn": "Newtownabbey",
        "name:no": "Newtownabbey",
        "name:pl": "Newtownabbey",
        "name:ru": "Ньютаунабби",
        "name:sr": "Њутонаби",
        "name:sv": "Newtownabbey",
        "name:tt": "Ньютаунәбби",
        "name:ur": "نیو ٹاؤن ایبی",
        "name:zh": "紐敦阿比",
        "note": "Import of NI places and POIs from GNS Dataset",
        "place": "town",
        "population": "62022",
        "source": "gns_ni",
        "wikidata": "Q918947",
        "wikipedia": "en:Newtownabbey"
      },
      "geometry": {
        "type": "Point",
        "coordinates": [
          -5.9249199,
          54.6778816
        ]
      },
      "id": "node/267763099"
    },
    {
      "type": "Feature",
      "properties": {
        "@id": "node/267763148",
        "gns:ADM1": "00",
        "gns:CC1": "UK",
        "gns:DMS_LAT": "545100",
        "gns:DMS_LONG": "-64000",
        "gns:DSG": "PPL",
        "gns:FC": "P",
        "gns:JOG": "NN29-06",
        "gns:LAT": "54.85",
        "gns:LONG": "-6.666667",
        "gns:MGRS": "29UPA4980280594",
        "gns:N:xx:FULL_NAME": "Maghera",
        "gns:N:xx:FULL_NAME_ND": "Maghera",
        "gns:N:xx:MODIFY_DATE": "1994-01-13",
        "gns:N:xx:NT": "N",
        "gns:N:xx:SORT_NAME": "MAGHERA",
        "gns:RC": "1",
        "gns:UFI": "-2602424",
        "gns:UNI": "-3578796",
        "name": "Maghera",
        "name:ga": "Machaire Rátha",
        "name:mk": "Махера",
        "name:sco": "Machera",
        "note": "Import of NI places and POIs from GNS Dataset",
        "place": "town",
        "source": "gns_ni",
        "wikidata": "Q1025604"
      },
      "geometry": {
        "type": "Point",
        "coordinates": [
          -6.6718648,
          54.8448023
        ]
      },
      "id": "node/267763148"
    },
    {
      "type": "Feature",
      "properties": {
        "@id": "node/267763152",
        "gns:ADM1": "S2",
        "gns:CC1": "UK",
        "gns:DMS_LAT": "542200",
        "gns:DMS_LONG": "-73800",
        "gns:DSG": "PPLA",
        "gns:FC": "P",
        "gns:JOG": "NN29-06",
        "gns:LAT": "54.366667",
        "gns:LONG": "-7.633333",
        "gns:MGRS": "29UNA8879325179",
        "gns:N:xx:FULL_NAME": "Enniskillen",
        "gns:N:xx:FULL_NAME_ND": "Enniskillen",
        "gns:N:xx:MODIFY_DATE": "2004-10-06",
        "gns:N:xx:NT": "N",
        "gns:N:xx:SORT_NAME": "ENNISKILLEN",
        "gns:RC": "1",
        "gns:UFI": "-2595628",
        "gns:UNI": "-3575096",
        "gns:V:xx:FULL_NAME": "Inis Ceithleann",
        "gns:V:xx:FULL_NAME_ND": "Inis Ceithleann",
        "gns:V:xx:MODIFY_DATE": "2004-10-06",
        "gns:V:xx:NT": "V",
        "gns:V:xx:SORT_NAME": "INISCEITHLEANN",
        "name": "Enniskillen",
        "name:ga": "Inis Ceithlann",
        "name:mk": "Енискилен",
        "note": "Import of NI places and POIs from GNS Dataset",
        "place": "town",
        "population": "13757",
        "source": "gns_ni",
        "wikidata": "Q990109",
        "wikipedia": "en:Enniskillen"
      },
      "geometry": {
        "type": "Point",
        "coordinates": [
          -7.6389365,
          54.3448538
        ]
      },
      "id": "node/267763152"
    },
    {
      "type": "Feature",
      "properties": {
        "@id": "node/267763161",
        "gns:ADM1": "00",
        "gns:CC1": "UK",
        "gns:DMS_LAT": "540900",
        "gns:DMS_LONG": "-61600",
        "gns:DSG": "PPL",
        "gns:FC": "P",
        "gns:JOG": "NN29-06",
        "gns:LAT": "54.15",
        "gns:LONG": "-6.266667",
        "gns:MGRS": "29UPA7850303663",
        "gns:N:xx:FULL_NAME": "Warrenpoint",
        "gns:N:xx:FULL_NAME_ND": "Warrenpoint",
        "gns:N:xx:MODIFY_DATE": "1994-01-13",
        "gns:N:xx:NT": "N",
        "gns:N:xx:SORT_NAME": "WARRENPOINT",
        "gns:RC": "1",
        "gns:UFI": "-2610926",
        "gns:UNI": "-3589251",
        "is_in:country": "Northern Ireland",
        "logainm:ref": "1166563",
        "logainm:url": "https://www.logainm.ie/1166563.aspx",
        "name": "Warrenpoint",
        "name:ga": "An Pointe",
        "name:mk": "Воренпоинт",
        "note": "Import of NI places and POIs from GNS Dataset",
        "place": "town",
        "population": "7638",
        "source": "gns_ni",
        "wikidata": "Q2224481"
      },
      "geometry": {
        "type": "Point",
        "coordinates": [
          -6.2512827,
          54.0999923
        ]
      },
      "id": "node/267763161"
    },
    {
      "type": "Feature",
      "properties": {
        "@id": "node/267763167",
        "is_in:country": "Northern Ireland",
        "logainm:ref": "135717",
        "logainm:url": "https://www.logainm.ie/135717.aspx",
        "name": "Ballycastle",
        "name:en": "Ballycastle",
        "name:ga": "Baile an Chaistil",
        "name:mk": "Баликасл",
        "place": "town",
        "population": "5089",
        "wikidata": "Q805405",
        "wikipedia": "en:Ballycastle, County Antrim"
      },
      "geometry": {
        "type": "Point",
        "coordinates": [
          -6.250282,
          55.2006882
        ]
      },
      "id": "node/267763167"
    },
    {
      "type": "Feature",
      "properties": {
        "@id": "node/267763185",
        "gns:ADM1": "00",
        "gns:CC1": "UK",
        "gns:DMS_LAT": "541500",
        "gns:DMS_LONG": "-72700",
        "gns:DSG": "PPL",
        "gns:FC": "P",
        "gns:JOG": "NN29-06",
        "gns:LAT": "54.25",
        "gns:LONG": "-7.45",
        "gns:MGRS": "29UPA0098812446",
        "gns:N:xx:FULL_NAME": "Lisnaskea",
        "gns:N:xx:FULL_NAME_ND": "Lisnaskea",
        "gns:N:xx:MODIFY_DATE": "1994-01-13",
        "gns:N:xx:NT": "N",
        "gns:N:xx:SORT_NAME": "LISNASKEA",
        "gns:RC": "1",
        "gns:UFI": "-2601231",
        "gns:UNI": "-3577342",
        "local_name": "Skea",
        "name": "Lisnaskea",
        "name:ga": "Lios na Scéithe",
        "name:mk": "Лиснаскеја",
        "note": "Import of NI places and POIs from GNS Dataset",
        "place": "town",
        "source": "gns_ni",
        "wikidata": "Q2300579"
      },
      "geometry": {
        "type": "Point",
        "coordinates": [
          -7.4424577,
          54.2519389
        ]
      },
      "id": "node/267763185"
    },
    {
      "type": "Feature",
      "properties": {
        "@id": "node/267763187",
        "gns:ADM1": "00",
        "gns:CC1": "UK",
        "gns:DMS_LAT": "542800",
        "gns:DMS_LONG": "-73800",
        "gns:DSG": "PPL",
        "gns:FC": "P",
        "gns:JOG": "NN29-06",
        "gns:LAT": "54.466667",
        "gns:LONG": "-7.633333",
        "gns:MGRS": "29UNA8857736305",
        "gns:N:xx:FULL_NAME": "Irvinestown",
        "gns:N:xx:FULL_NAME_ND": "Irvinestown",
        "gns:N:xx:MODIFY_DATE": "1994-01-13",
        "gns:N:xx:NT": "N",
        "gns:N:xx:SORT_NAME": "IRVINESTOWN",
        "gns:RC": "1",
        "gns:UFI": "-2599597",
        "gns:UNI": "-3578486",
        "gns:V:xx:FULL_NAME": "Lowtherstown",
        "gns:V:xx:FULL_NAME_ND": "Lowtherstown",
        "gns:V:xx:MODIFY_DATE": "1994-01-13",
        "gns:V:xx:NT": "V",
        "gns:V:xx:SORT_NAME": "LOWTHERSTOWN",
        "name": "Irvinestown",
        "name:ga": "Baile an Irbhinigh",
        "name:mk": "Ервинстаун",
        "note": "Import of NI places and POIs from GNS Dataset",
        "place": "town",
        "source": "gns_ni",
        "wikidata": "Q2533408"
      },
      "geometry": {
        "type": "Point",
        "coordinates": [
          -7.6334809,
          54.4720106
        ]
      },
      "id": "node/267763187"
    },
    {
      "type": "Feature",
      "properties": {
        "@id": "node/267763207",
        "gns:ADM1": "00",
        "gns:CC1": "UK",
        "gns:DMS_LAT": "542500",
        "gns:DMS_LONG": "-60900",
        "gns:DSG": "PPL",
        "gns:FC": "P",
        "gns:JOG": "NN29-06",
        "gns:LAT": "54.416667",
        "gns:LONG": "-6.15",
        "gns:MGRS": "29UPA8492133624",
        "gns:N:xx:FULL_NAME": "Dromore",
        "gns:N:xx:FULL_NAME_ND": "Dromore",
        "gns:N:xx:MODIFY_DATE": "1994-01-13",
        "gns:N:xx:NT": "N",
        "gns:N:xx:SORT_NAME": "DROMORE",
        "gns:RC": "1",
        "gns:UFI": "-2594633",
        "gns:UNI": "-3569242",
        "name": "Dromore",
        "name:ga": "An Droim Mór",
        "name:mk": "Дромор",
        "note": "Import of NI places and POIs from GNS Dataset",
        "place": "town",
        "population": "4968",
        "source": "gns_ni",
        "wikidata": "Q206337"
      },
      "geometry": {
        "type": "Point",
        "coordinates": [
          -6.1495064,
          54.4152683
        ]
      },
      "id": "node/267763207"
    },
    {
      "type": "Feature",
      "properties": {
        "@id": "node/706735590",
        "is_in": "County Dublin",
        "name": "Donabate",
        "name:ga": "Domhnach Bat",
        "place": "town",
        "population": "9669",
        "population:date": "2022-04-03",
        "source:population": "CSO 2022"
      },
      "geometry": {
        "type": "Point",
        "coordinates": [
          -6.1485698,
          53.4864092
        ]
      },
      "id": "node/706735590"
    },
    {
      "type": "Feature",
      "properties": {
        "@id": "node/765382428",
        "is_in": "County Wicklow",
        "is_in:country": "Ireland",
        "is_in:county": "Wicklow",
        "name": "Greystones",
        "name:en": "Greystones",
        "name:ga": "Na Clocha Liatha",
        "name:ru": "Грейстонс",
        "place": "town",
        "population": "22009",
        "population:date": "2022-04-03",
        "source:population": "CSO 2022",
        "wikidata": "Q938017",
        "wikipedia": "en:Greystones"
      },
      "geometry": {
        "type": "Point",
        "coordinates": [
          -6.0632184,
          53.1448901
        ]
      },
      "id": "node/765382428"
    },
    {
      "type": "Feature",
      "properties": {
        "@id": "node/1208895334",
        "name": "Campbeltown",
        "name:gd": "Ceann Loch Chille Chiarain",
        "name:sco": "Caumeltoun",
        "place": "town",
        "population": "4500",
        "wikidata": "Q1012490",
        "wikipedia": "en:Campbeltown"
      },
      "geometry": {
        "type": "Point",
        "coordinates": [
          -5.6051005,
          55.4241858
        ]
      },
      "id": "node/1208895334"
    },
    {
      "type": "Feature",
      "properties": {
        "@id": "node/1420913325",
        "is_in": "County Dublin",
        "is_in:country": "Ireland",
        "is_in:county": "Dublin",
        "name": "Tallaght",
        "name:en": "Tallaght",
        "name:en:pronunciation": "ˈtælə",
        "name:ga": "Tamhlacht",
        "name:ga:pronunciation": "ˈt̪ˠəul̪ˠəxt̪ˠ",
        "name:pronunciation": "ˈtælə",
        "place": "town",
        "place_county": "Dublin",
        "population": "101055",
        "wikidata": "Q990099",
        "wikipedia": "en:Tallaght"
      },
      "geometry": {
        "type": "Point",
        "coordinates": [
          -6.362355,
          53.2878082
        ]
      },
      "id": "node/1420913325"
    },
    {
      "type": "Feature",
      "properties": {
        "@id": "node/1422041695",
        "alt_name": "Cloch Shiurdáin",
        "gns:ADM1": "26",
        "gns:CC1": "EI",
        "gns:DMS_LAT": "525625",
        "gns:DMS_LONG": "-80208",
        "gns:DSG": "PPL",
        "gns:FC": "P",
        "gns:JOG": "NN29-11",
        "gns:LAT": "52.940278",
        "gns:LONG": "-8.035556",
        "gns:MGRS": "29UNU6481366062",
        "gns:N:eng:FULL_NAME": "Cloughjordan",
        "gns:N:eng:FULL_NAME_ND": "Cloughjordan",
        "gns:N:eng:LC": "eng",
        "gns:N:eng:MODIFY_DATE": "1998-08-18",
        "gns:N:eng:NT": "N",
        "gns:N:eng:SORT_NAME": "CLOUGHJORDAN",
        "gns:N:gle:FULL_NAME": "Cloch Shiurdáin",
        "gns:N:gle:FULL_NAME_ND": "Cloch Shiurdain",
        "gns:N:gle:LC": "gle",
        "gns:N:gle:MODIFY_DATE": "1998-08-18",
        "gns:N:gle:NT": "N",
        "gns:N:gle:SORT_NAME": "CLOCHSHIURDAIN",
        "gns:RC": "1",
        "gns:UFI": "-1501713",
        "gns:UNI": "447481",
        "gns:V:xx:FULL_NAME": "Cloughjordan",
        "gns:V:xx:FULL_NAME_ND": "Cloughjordan",
        "gns:V:xx:MODIFY_DATE": "1998-08-18",
        "gns:V:xx:NT": "V",
        "gns:V:xx:SORT_NAME": "CLOUGHJORDAN",
        "int_name": "Cloughjordan",
        "is_in": "County Tipperary",
        "name": "Cloughjordan",
        "name:en": "Cloughjordan",
        "name:ga": "Cloch Shiurdáin",
        "name:ru": "Cloughjordan",
        "old_name": "Cloghjordan",
        "place": "town",
        "place_county": "Tipperary",
        "source": "gns_ei"
      },
      "geometry": {
        "type": "Point",
        "coordinates": [
          -8.0392342,
          52.9429227
        ]
      },
      "id": "node/1422041695"
    },
    {
      "type": "Feature",
      "properties": {
        "@id": "node/1422572343",
        "gns:ADM1": "07",
        "gns:CC1": "EI",
        "gns:DMS_LAT": "533129",
        "gns:DMS_LONG": "-60635",
        "gns:DSG": "PPL",
        "gns:FC": "P",
        "gns:JOG": "NN29-09",
        "gns:LAT": "53.524722",
        "gns:LONG": "-6.109722",
        "gns:MGRS": "29UPV9158434531",
        "gns:N:eng:FULL_NAME": "Rush",
        "gns:N:eng:FULL_NAME_ND": "Rush",
        "gns:N:eng:LC": "eng",
        "gns:N:eng:MODIFY_DATE": "1999-03-22",
        "gns:N:eng:NT": "N",
        "gns:N:eng:SORT_NAME": "RUSH",
        "gns:N:gle:LC": "gle",
        "gns:N:gle:MODIFY_DATE": "1999-03-22",
        "gns:N:gle:NT": "N",
        "gns:N:gle:SORT_NAME": "ANROS",
        "gns:RC": "1",
        "gns:UFI": "-1505485",
        "gns:UNI": "450700",
        "name": "Rush",
        "name:en": "Rush",
        "name:ga": "An Ros",
        "note": "Experimental import of Irish places and POIs from GNS Dataset",
        "place": "town",
        "place_county": "Dublin",
        "source": "gns_ei",
        "wikidata": "Q2014213",
        "wikipedia": "en:Rush, Dublin"
      },
      "geometry": {
        "type": "Point",
        "coordinates": [
          -6.0908956,
          53.5220444
        ]
      },
      "id": "node/1422572343"
    },
    {
      "type": "Feature",
      "properties": {
        "@id": "node/1423955147",
        "gns:ADM1": "11",
        "gns:CC1": "EI",
        "gns:DMS_LAT": "521400",
        "gns:DMS_LONG": "-92800",
        "gns:DSG": "PPL",
        "gns:FC": "P",
        "gns:JOG": "NN29-11",
        "gns:LAT": "52.233333",
        "gns:LONG": "-9.466667",
        "gns:MGRS": "29UMT6813087093",
        "gns:N:eng:FULL_NAME": "Castleisland",
        "gns:N:eng:FULL_NAME_ND": "Castleisland",
        "gns:N:eng:LC": "eng",
        "gns:N:eng:MODIFY_DATE": "1997-10-03",
        "gns:N:eng:NT": "N",
        "gns:N:eng:SORT_NAME": "CASTLEISLAND",
        "gns:N:gle:FULL_NAME": "Oileán Ciarraí",
        "gns:N:gle:FULL_NAME_ND": "Oilean Ciarrai",
        "gns:N:gle:LC": "gle",
        "gns:N:gle:MODIFY_DATE": "1997-10-03",
        "gns:N:gle:NT": "N",
        "gns:N:gle:SORT_NAME": "OILEANCIARRAI",
        "gns:RC": "1",
        "gns:UFI": "-1501520",
        "gns:UNI": "414053",
        "is_in": "County Kerry",
        "name": "Castleisland",
        "name:en": "Castleisland",
        "name:ga": "Oileán Ciarraí",
        "name:ru": "Каслайленд",
        "note": "Experimental import of Irish places and POIs from GNS Dataset",
        "place": "town",
        "place_county": "Kerry",
        "population": "2536",
        "population:date": "2022-04-03",
        "source": "gns_ei",
        "source:population": "CSO 2022",
        "wikidata": "Q1049626"
      },
      "geometry": {
        "type": "Point",
        "coordinates": [
          -9.4636716,
          52.2311711
        ]
      },
      "id": "node/1423955147"
    },
    {
      "type": "Feature",
      "properties": {
        "@id": "node/1430035395",
        "alt_name": "Frankford",
        "gns:ADM1": "23",
        "gns:CC1": "EI",
        "gns:DMS_LAT": "531027",
        "gns:DMS_LONG": "-74332",
        "gns:DSG": "PPL",
        "gns:FC": "P",
        "gns:JOG": "NN29-09",
        "gns:LAT": "53.174167",
        "gns:LONG": "-7.725556",
        "gns:MGRS": "29UNU8518292404",
        "gns:N:eng:FULL_NAME": "Kilcormac",
        "gns:N:eng:FULL_NAME_ND": "Kilcormac",
        "gns:N:eng:LC": "eng",
        "gns:N:eng:MODIFY_DATE": "1998-08-18",
        "gns:N:eng:NT": "N",
        "gns:N:eng:SORT_NAME": "KILCORMAC",
        "gns:N:gle:FULL_NAME": "Cill Chormaic",
        "gns:N:gle:FULL_NAME_ND": "Cill Chormaic",
        "gns:N:gle:LC": "gle",
        "gns:N:gle:MODIFY_DATE": "1998-08-18",
        "gns:N:gle:NT": "N",
        "gns:N:gle:SORT_NAME": "CILLCHORMAIC",
        "gns:RC": "1",
        "gns:UFI": "405246",
        "gns:UNI": "507405",
        "is_in": "County Offaly",
        "name": "Kilcormac",
        "name:en": "Kilcormac",
        "name:ga": "Cill Chormaic",
        "name:ru": "Килкормак",
        "note": "Experimental import of Irish places and POIs from GNS Dataset",
        "old_name": "Frankford",
        "place": "town",
        "place_county": "Offaly",
        "population": "1051",
        "population:date": "2022-04-03",
        "source": "gns_ei",
        "source:population": "CSO 2022",
        "wikidata": "Q2473717",
        "wikipedia": "en:Kilcormac"
      },
      "geometry": {
        "type": "Point",
        "coordinates": [
          -7.7273301,
          53.1759088
        ]
      },
      "id": "node/1430035395"
    },
    {
      "type": "Feature",
      "properties": {
        "@id": "node/1430106452",
        "alt_name": "Mostrim",
        "alt_name:en": "Mostrim",
        "name": "Edgeworthstown",
        "name:en": "Edgeworthstown",
        "name:ga": "Meathas Troim",
        "place": "town",
        "place_county": "Longford",
        "source": "gns_ei"
      },
      "geometry": {
        "type": "Point",
        "coordinates": [
          -7.6097215,
          53.6966661
        ]
      },
      "id": "node/1430106452"
    },
    {
      "type": "Feature",
      "properties": {
        "@id": "node/1430142655",
        "gns:ADM1": "20",
        "gns:CC1": "EI",
        "gns:DMS_LAT": "534300",
        "gns:DMS_LONG": "-90000",
        "gns:DSG": "PPL",
        "gns:FC": "P",
        "gns:JOG": "NN29-08",
        "gns:LAT": "53.716667",
        "gns:LONG": "-9",
        "gns:MGRS": "29UNV0000051999",
        "gns:N:eng:FULL_NAME": "Claremorris",
        "gns:N:eng:FULL_NAME_ND": "Claremorris",
        "gns:N:eng:LC": "eng",
        "gns:N:eng:MODIFY_DATE": "1998-01-22",
        "gns:N:eng:NT": "N",
        "gns:N:eng:SORT_NAME": "CLAREMORRIS",
        "gns:N:gle:FULL_NAME": "Clár Chlainne Mhuiris",
        "gns:N:gle:FULL_NAME_ND": "Clar Chlainne Mhuiris",
        "gns:N:gle:LC": "gle",
        "gns:N:gle:MODIFY_DATE": "1998-01-22",
        "gns:N:gle:NT": "N",
        "gns:N:gle:SORT_NAME": "CLARCHLAINNEMHUIRIS",
        "gns:RC": "1",
        "gns:UFI": "-1501655",
        "gns:UNI": "448235",
        "is_in": "County Mayo",
        "name": "Claremorris",
        "name:en": "Claremorris",
        "name:ga": "Clár Chlainne Mhuiris",
        "name:ru": "Клэрморрис",
        "note": "Experimental import of Irish places and POIs from GNS Dataset",
        "place": "town",
        "place_county": "Mayo",
        "source": "gns_ei",
        "wikidata": "Q1095348",
        "wikipedia": "en:Claremorris"
      },
      "geometry": {
        "type": "Point",
        "coordinates": [
          -8.9987858,
          53.7197301
        ]
      },
      "id": "node/1430142655"
    },
    {
      "type": "Feature",
      "properties": {
        "@id": "node/1430200210",
        "is_in": "County Limerick",
        "name": "Newcastle West",
        "name:en": "Newcastle West",
        "name:ga": "An Caisleán Nua",
        "name:ru": "Ньюкасл-Уэст",
        "note": "Experimental import of Irish places and POIs from GNS Dataset",
        "place": "town",
        "place_county": "Limerick",
        "population": "7209",
        "population:date": "2022-04-03",
        "source": "gns_ei",
        "source:population": "CSO 2022",
        "wikidata": "Q987754",
        "wikipedia": "en:Newcastle West"
      },
      "geometry": {
        "type": "Point",
        "coordinates": [
          -9.0529331,
          52.4488928
        ]
      },
      "id": "node/1430200210"
    },
    {
      "type": "Feature",
      "properties": {
        "@id": "node/1430234960",
        "designation": "Dundalk / Dun Dealgan",
        "is_in": "County Louth",
        "is_in:country": "Ireland",
        "is_in:county": "Louth",
        "name": "Dundalk",
        "name:br": "Dún Dealgan",
        "name:en": "Dundalk",
        "name:ga": "Dún Dealgan",
        "name:gd": "Dùn Dealgan",
        "name:gv": "Doon Jialgan",
        "name:ru": "Дандолк",
        "name:zh": "邓多克 / 鄧多克",
        "name:zh-Hans": "邓多克",
        "name:zh-Hant": "鄧多克",
        "note": "Experimental import of Irish places and POIs from GNS Dataset",
        "place": "town",
        "place_county": "Louth",
        "population": "43112",
        "population:date": "2022-04-03",
        "source": "gns_ei",
        "source:name:br": "proper translation",
        "source:population": "CSO 2022",
        "wikidata": "Q204956",
        "wikipedia": "en:Dundalk"
      },
      "geometry": {
        "type": "Point",
        "coordinates": [
          -6.4008879,
          54.0046033
        ]
      },
      "id": "node/1430234960"
    },
    {
      "type": "Feature",
      "properties": {
        "@id": "node/1459909229",
        "gns:ADM1": "27",
        "gns:CC1": "EI",
        "gns:DMS_LAT": "520534",
        "gns:DMS_LONG": "-80029",
        "gns:DSG": "PPL",
        "gns:FC": "P",
        "gns:JOG": "NN29-11",
        "gns:LAT": "52.092778",
        "gns:LONG": "-8.008056",
        "gns:MGRS": "29UNT6795671821",
        "gns:N:eng:FULL_NAME": "Tallow",
        "gns:N:eng:FULL_NAME_ND": "Tallow",
        "gns:N:eng:LC": "eng",
        "gns:N:eng:MODIFY_DATE": "1997-12-15",
        "gns:N:eng:NT": "N",
        "gns:N:eng:SORT_NAME": "TALLOW",
        "gns:N:gle:FULL_NAME": "Tulach an Iarainn",
        "gns:N:gle:FULL_NAME_ND": "Tulach an Iarainn",
        "gns:N:gle:LC": "gle",
        "gns:N:gle:MODIFY_DATE": "1997-12-15",
        "gns:N:gle:NT": "N",
        "gns:N:gle:SORT_NAME": "TULACHANIARAINN",
        "gns:RC": "1",
        "gns:UFI": "-1505855",
        "gns:UNI": "415751",
        "is_in": "County Waterford",
        "name": "Tallow",
        "name:en": "Tallow",
        "name:ga": "Tulach an Iarainn",
        "name:ru": "Таллоу",
        "note": "Experimental import of Irish places and POIs from GNS Dataset",
        "place": "town",
        "place_county": "Waterford",
        "source": "gns_ei",
        "wikidata": "Q4450529"
      },
      "geometry": {
        "type": "Point",
        "coordinates": [
          -8.0078242,
          52.0931727
        ]
      },
      "id": "node/1459909229"
    },
    {
      "type": "Feature",
      "properties": {
        "@id": "node/1459909798",
        "gns:ADM1": "27",
        "gns:CC1": "EI",
        "gns:DMS_LAT": "520850",
        "gns:DMS_LONG": "-75119",
        "gns:DSG": "PPL",
        "gns:FC": "P",
        "gns:JOG": "NN29-12",
        "gns:LAT": "52.147222",
        "gns:LONG": "-7.855278",
        "gns:MGRS": "29UNT7832678031",
        "gns:N:eng:FULL_NAME": "Cappoquin",
        "gns:N:eng:FULL_NAME_ND": "Cappoquin",
        "gns:N:eng:LC": "eng",
        "gns:N:eng:MODIFY_DATE": "1997-12-15",
        "gns:N:eng:NT": "N",
        "gns:N:eng:SORT_NAME": "CAPPOQUIN",
        "gns:N:gle:FULL_NAME": "Ceapach Choinn",
        "gns:N:gle:FULL_NAME_ND": "Ceapach Choinn",
        "gns:N:gle:LC": "gle",
        "gns:N:gle:MODIFY_DATE": "1997-12-15",
        "gns:N:gle:NT": "N",
        "gns:N:gle:SORT_NAME": "CEAPACHCHOINN",
        "gns:RC": "1",
        "gns:UFI": "-1501338",
        "gns:UNI": "415757",
        "is_in": "County Waterford",
        "name": "Cappoquin",
        "name:en": "Cappoquin",
        "name:ga": "Ceapach Choinn",
        "name:ru": "Каппокуин",
        "note": "Experimental import of Irish places and POIs from GNS Dataset",
        "place": "town",
        "place_county": "Waterford",
        "source": "gns_ei",
        "wikidata": "Q2937555",
        "wikipedia": "en:Cappoquin"
      },
      "geometry": {
        "type": "Point",
        "coordinates": [
          -7.8498011,
          52.1461607
        ]
      },
      "id": "node/1459909798"
    },
    {
      "type": "Feature",
      "properties": {
        "@id": "node/1460522566",
        "is_in": "County Donegal",
        "name": "Ramelton",
        "name:en": "Ramelton",
        "name:ga": "Ráth Mealtain",
        "name:ru": "Рамелтон",
        "note": "Experimental import of Irish places and POIs from GNS Dataset",
        "place": "town",
        "place_county": "Donegal",
        "source": "gns_ei",
        "wikidata": "Q2078143",
        "wikipedia": "en:Ramelton"
      },
      "geometry": {
        "type": "Point",
        "coordinates": [
          -7.6436895,
          55.0373603
        ]
      },
      "id": "node/1460522566"
    },
    {
      "type": "Feature",
      "properties": {
        "@id": "node/1604307220",
        "is_in:country": "Northern Ireland",
        "name": "Ballymoney",
        "name:en": "Ballymoney",
        "name:ga": "Baile Monaidh",
        "name:mk": "Балимони",
        "place": "town",
        "population": "10393",
        "wikidata": "Q805450",
        "wikipedia": "en:Ballymoney"
      },
      "geometry": {
        "type": "Point",
        "coordinates": [
          -6.5172758,
          55.0702727
        ]
      },
      "id": "node/1604307220"
    },
    {
      "type": "Feature",
      "properties": {
        "@id": "node/1681533435",
        "name": "Naas",
        "name:en": "Naas",
        "name:ga": "An Nás",
        "name:ru": "Нейс",
        "place": "town",
        "place_county": "Kildare",
        "population": "26180",
        "population:date": "2022-04-03",
        "source:population": "CSO 2022",
        "wikidata": "Q216038",
        "wikipedia": "en:Naas"
      },
      "geometry": {
        "type": "Point",
        "coordinates": [
          -6.6574093,
          53.2214677
        ]
      },
      "id": "node/1681533435"
    },
    {
      "type": "Feature",
      "properties": {
        "@id": "node/1681534704",
        "name": "Sligo",
        "name:en": "Sligo",
        "name:ga": "Sligeach",
        "name:ru": "Слайго",
        "place": "town",
        "place_county": "Sligo",
        "population": "20608",
        "population:date": "2022-04-03",
        "source:population": "CSO 2022",
        "wikidata": "Q190002"
      },
      "geometry": {
        "type": "Point",
        "coordinates": [
          -8.4751357,
          54.2720696
        ]
      },
      "id": "node/1681534704"
    },
    {
      "type": "Feature",
      "properties": {
        "@id": "node/1896880018",
        "is_in": "County Cork",
        "name": "Charleville",
        "name:ga": "Ráth Luirc",
        "place": "town",
        "place_county": "Cork",
        "source": "gns_ei",
        "wikidata": "Q1066722",
        "wikipedia": "en:Charleville, County Cork"
      },
      "geometry": {
        "type": "Point",
        "coordinates": [
          -8.6828833,
          52.3546432
        ]
      },
      "id": "node/1896880018"
    },
    {
      "type": "Feature",
      "properties": {
        "@id": "node/2011336944",
        "logainm:ref": "3549",
        "logainm:url": "https://www.logainm.ie/3549.aspx",
        "name": "Tullow",
        "name:en": "Tullow",
        "name:ga": "An Tulach",
        "name:ru": "Таллоу",
        "place": "town"
      },
      "geometry": {
        "type": "Point",
        "coordinates": [
          -6.7377301,
          52.803146
        ]
      },
      "id": "node/2011336944"
    },
    {
      "type": "Feature",
      "properties": {
        "@id": "node/3563872395",
        "alt_name:en": "Dunleary",
        "alt_name:ga": "Dún Laoire",
        "is_in": "County Dublin",
        "is_in:country": "Ireland",
        "is_in:county": "Dublin",
        "name": "Dún Laoghaire",
        "name:en": "Dún Laoghaire",
        "name:en:pronunciation": "dʌnˈlɪəri",
        "name:ga": "Dún Laoghaire",
        "name:ga:pronunciation": "d̪ˠun̪ˠ ˈl̪ˠeːɾʲə",
        "name:pronunciation": "dʌnˈlɪəri",
        "name:ru": "Дун-Лэаре",
        "old_name": "Kingstown",
        "place": "town",
        "place_county": "Dublin",
        "population": "38761",
        "website": "https://www.dunlaoghaire.ie/",
        "wikidata": "Q745989",
        "wikipedia": "en:Dún Laoghaire"
      },
      "geometry": {
        "type": "Point",
        "coordinates": [
          -6.1360079,
          53.2922794
        ]
      },
      "id": "node/3563872395"
    },
    {
      "type": "Feature",
      "properties": {
        "@id": "node/4100735094",
        "name": "Athy",
        "name:ga": "Baile Átha Í",
        "name:ru": "Атай",
        "place": "town",
        "population": "11035",
        "population:date": "2022-04-03",
        "source:population": "CSO 2022",
        "wikidata": "Q251091",
        "wikipedia": "en:Athy"
      },
      "geometry": {
        "type": "Point",
        "coordinates": [
          -6.9835926,
          52.9923938
        ]
      },
      "id": "node/4100735094"
    },
    {
      "type": "Feature",
      "properties": {
        "@id": "node/4380804889",
        "loc_name": "Carrick",
        "logainm:ref": "39315",
        "logainm:url": "https://www.logainm.ie/39315.aspx",
        "name": "Carrickmacross",
        "name:en": "Carrickmacross",
        "name:ga": "Carraig Mhachaire Rois",
        "name:ru": "Каррикмакросс",
        "place": "town",
        "population": "5745",
        "population:2016": "5032",
        "population:date": "2022-04-03",
        "source": "GSGS4136",
        "source:population": "CSO 2022",
        "website": "https://carrickmacross.ie/",
        "wikidata": "Q1002776",
        "wikipedia": "en:Carrickmacross"
      },
      "geometry": {
        "type": "Point",
        "coordinates": [
          -6.7193763,
          53.9770462
        ]
      },
      "id": "node/4380804889"
    },
    {
      "type": "Feature",
      "properties": {
        "@id": "node/4805912920",
        "gns:ADM1": "04",
        "gns:CC1": "EI",
        "gns:DMS_LAT": "515600",
        "gns:DMS_LONG": "-83400",
        "gns:DSG": "PPL",
        "gns:FC": "P",
        "gns:JOG": "NM29-03",
        "gns:LAT": "51.933333",
        "gns:LONG": "-8.566667",
        "gns:MGRS": "29UNT2979353712",
        "gns:N:eng:FULL_NAME": "Blarney",
        "gns:N:eng:FULL_NAME_ND": "Blarney",
        "gns:N:eng:LC": "eng",
        "gns:N:eng:MODIFY_DATE": "1997-10-03",
        "gns:N:eng:NT": "N",
        "gns:N:eng:SORT_NAME": "BLARNEY",
        "gns:N:gle:FULL_NAME": "An Bhlarna",
        "gns:N:gle:FULL_NAME_ND": "An Bhlarna",
        "gns:N:gle:LC": "gle",
        "gns:N:gle:MODIFY_DATE": "1997-10-03",
        "gns:N:gle:NT": "N",
        "gns:N:gle:SORT_NAME": "ANBHLARNA",
        "gns:RC": "1",
        "gns:UFI": "-1501017",
        "gns:UNI": "413772",
        "is_in": "County Cork",
        "name": "Blarney",
        "name:en": "Blarney",
        "name:ga": "An Bhlarna",
        "note": "Experimental import of Irish places and POIs from GNS Dataset",
        "place": "town",
        "place_county": "Cork",
        "population": "5310",
        "source": "gns_ei",
        "wikidata": "Q2133873",
        "wikipedia": "en:Blarney"
      },
      "geometry": {
        "type": "Point",
        "coordinates": [
          -8.5679416,
          51.9327019
        ]
      },
      "id": "node/4805912920"
    },
    {
      "type": "Feature",
      "properties": {
        "@id": "node/5200222673",
        "loc_name:ga": "Baile an Mhullaigh",
        "logainm:ref": "1411615",
        "logainm:url": "https://www.logainm.ie/1411615.aspx",
        "name": "Dungiven",
        "name:en": "Dungiven",
        "name:ga": "Dún Geimhin",
        "name:mk": "Дангивен",
        "note": "Import of NI places and POIs from GNS Dataset",
        "place": "town",
        "source": "gns_ni",
        "wikidata": "Q1265794",
        "wikipedia": "en:Dungiven"
      },
      "geometry": {
        "type": "Point",
        "coordinates": [
          -6.9236545,
          54.9266409
        ]
      },
      "id": "node/5200222673"
    },
    {
      "type": "Feature",
      "properties": {
        "@id": "node/5286382091",
        "gns:ADM1": "00",
        "gns:CC1": "UK",
        "gns:DMS_LAT": "542800",
        "gns:DMS_LONG": "-62000",
        "gns:DSG": "PPL",
        "gns:FC": "P",
        "gns:JOG": "NN29-06",
        "gns:LAT": "54.466667",
        "gns:LONG": "-6.333333",
        "gns:MGRS": "29UPA7281838719",
        "gns:N:xx:FULL_NAME": "Lurgan",
        "gns:N:xx:FULL_NAME_ND": "Lurgan",
        "gns:N:xx:MODIFY_DATE": "1994-01-13",
        "gns:N:xx:NT": "N",
        "gns:N:xx:SORT_NAME": "LURGAN",
        "gns:RC": "1",
        "gns:UFI": "-2602275",
        "gns:UNI": "-3578617",
        "gns:V:xx:FULL_NAME": "An Lorgain",
        "gns:V:xx:FULL_NAME_ND": "An Lorgain",
        "gns:V:xx:MODIFY_DATE": "1994-01-13",
        "gns:V:xx:NT": "V",
        "gns:V:xx:SORT_NAME": "ANLORGAIN",
        "is_in:country": "Northern Ireland",
        "name": "Lurgan",
        "name:ga": "An Lorgain",
        "name:mk": "Лурган",
        "note": "Import of NI places and POIs from GNS Dataset",
        "place": "town",
        "source": "gns_ni",
        "wikidata": "Q1702713",
        "wikipedia": "en:Lurgan"
      },
      "geometry": {
        "type": "Point",
        "coordinates": [
          -6.3292491,
          54.460824
        ]
      },
      "id": "node/5286382091"
    },
    {
      "type": "Feature",
      "properties": {
        "@id": "node/6298259196",
        "ele": "1",
        "name": "Carlingford",
        "name:ga": "Cairlinn",
        "name:non": "Kerlingfjǫrðr",
        "note": "Not sure if this is the correct way to add town, remove if unnecessary",
        "place": "town",
        "population": "1528",
        "population:date": "2022-04-03",
        "source:population": "CSO 2022",
        "wikidata": "Q2669915",
        "wikipedia": "en:Carlingford, County Louth"
      },
      "geometry": {
        "type": "Point",
        "coordinates": [
          -6.1865063,
          54.0410801
        ]
      },
      "id": "node/6298259196"
    },
    {
      "type": "Feature",
      "properties": {
        "@id": "node/10969716517",
        "logainm:ref": "1416641",
        "logainm:url": "https://www.logainm.ie/1416641.aspx",
        "name": "Castlewellan",
        "name:en": "Castlewellan",
        "name:ga": "Caisleán Uidhilín",
        "place": "town",
        "population": "2800",
        "population:date": "2011",
        "source:population": "census",
        "wikidata": "Q58126",
        "wikimedia_commons": "Category:Castlewellan",
        "wikipedia": "en:Castlewellan",
        "wikipedia:en": "Castlewellan"
      },
      "geometry": {
        "type": "Point",
        "coordinates": [
          -5.9435178,
          54.2574364
        ]
      },
      "id": "node/10969716517"
    },
    {
      "type": "Feature",
      "properties": {
        "@id": "node/11626622220",
        "logainm:ref": "1411612",
        "logainm:url": "https://www.logainm.ie/1411612.aspx",
        "name": "Moira",
        "name:ga": "Maigh Rath",
        "name:mk": "Мојра",
        "place": "town",
        "wikidata": "Q149546",
        "wikipedia": "en:Moira, County Down"
      },
      "geometry": {
        "type": "Point",
        "coordinates": [
          -6.2301652,
          54.4792925
        ]
      },
      "id": "node/11626622220"
    }
  ]
}